Vessel Name,Flag State,Vessel Type,IRCS,IMO #,FFA ID,Length Overall,Gross Weight,VDS Reg No.,Valid From,Valid To
ALBATUN TRES,ES,Single Purse Seiner,EADN,9281310,35571,115.00,4406.00,PSES-2025-0342,2025-01-01,2025-12-31
AMAGI,PA,Reefer Carrier,H3FL,9170963,35445,95.95,2782.00,RCPA-2025-0441,2025-01-01,2025-12-31
AMARYLLIS 88,PG,Single Purse Seiner,P2V5709,8748529,27441,65.50,1098.00,PSPG-2025-0627,2025-01-01,2025-12-31
ANGARA,PA,Reefer Carrier,3FVD,9136890,35604,100.72,3767.00,RCPA-2025-0608,2025-02-15,2026-02-14
ANGEL 101,VU,Bunker,YJTB2,9101455,36059,110.00,4974.00,BKVU-2025-0703,2025-08-19,2026-08-18
ANGEL 106,VU,Bunker,YJXQ7,9141895,37045,117.00,6275.00,BKVU-2025-0560,2025-02-20,2026-02-19
ANGEL 118,PA,Bunker,3FWP4,9105310,36996,104.95,2973.00,BKPA-2025-0633,2025-04-14,2026-04-13
ANGEL 22,VU,Bunker,YJTA8,9191230,36887,105.20,5483.00,BKVU-2025-0689,2025-07-29,2026-07-28
ANGEL 38,PA,Bunker,3E2437,9175743,36710,125.00,5994.00,BKPA-2024-0649,2024-10-15,2025-10-14
ANGEL NO.1,PA,Bunker,3EAT7,9434709,36823,127.90,8559.00,BKPA-2025-0291,2025-01-01,2025-12-31
ANGEL NO.2,PA,Bunker,HPTG,9146027,36866,129.00,9488.00,BKPA-2024-0648,2024-09-26,2025-09-25
AT GLORY,PA,Bunker,H3DO,9223710,36970,110.00,5101.00,BKPA-2025-0290,2025-01-01,2025-12-31
BADARO,KR,Reefer Carrier,D7MZ,9163439,36305,120.12,4643.00,RCKR-2025-0459,2025-01-01,2025-12-31
BELINDA,PH,Single Purse Seiner,DYDF,9108946,32930,69.26,1096.00,PSPH-2025-0166,2025-01-01,2025-12-31
BLUE FORTUNE 32,KI,Long Liner,T3AK,9639098,36173,39.60,264.00,LLKI-2025-0526,2025-01-01,2025-12-31
BONAMI,KR,Single Purse Seiner,6KSG,9848869,36913,79.80,1862.00,PSKR-2025-0142,2025-01-01,2025-12-31
BOYANG BERING,PA,Reefer Carrier,3EGZ,9851191,36868,134.34,6592.00,RCPA-2024-0673,2024-12-19,2025-12-18
BOYANG CAPELLA,PA,Reefer Carrier,3FEZ2,9886794,36957,134.34,6655.00,RCPA-2025-0643,2025-04-25,2026-04-24
CAPE BRETON,US,Single Purse Seiner,WDE2397,7803255,33850,79.75,2019.00,PSUS-2025-0628,2025-01-01,2025-12-31
CAPE COD,US,Single Purse Seiner,WDD5547,7806283,33176,67.36,1341.00,PSUS-2025-0629,2025-01-01,2025-12-31
CAPE ELIZABETH III,US,Single Purse Seiner,WDF8203,962922,25957,76.50,1930.00,PSUS-2025-0431,2025-01-01,2025-12-31
CAPE FERRAT,US,Single Purse Seiner,WDE2398,7803267,34079,79.77,2019.00,PSUS-2025-0432,2025-01-01,2025-12-31
CAPE FINISTERRE,US,Single Purse Seiner,WDA4699,7912094,7948,72.63,1809.00,PSUS-2025-0433,2025-01-01,2025-12-31
CAPT. VINCENT GANN,US,Single Purse Seiner,WDJ6149,9018880,32805,68.80,1930.00,PSUS-2025-0517,2025-01-01,2025-12-31
CARIBE,TV,Single Purse Seiner,T2PC5,8102854,25908,76.64,1691.00,PSTV-2025-0150,2025-01-01,2025-12-31
CAROLINE I,FM,Single Purse Seiner,V6P91,8102866,25874,77.16,1678.00,PSFM-2025-0454,2025-01-01,2025-12-31
CENTURY PRIDE,NR,Single Purse Seiner,C2AZ2,9417397,35772,72.37,1416.00,PSNR-2025-0239,2025-01-01,2025-12-31
CENTURY RANGER,NR,Single Purse Seiner,C2BA2,9394789,35774,72.37,1415.00,PSNR-2025-0539,2025-01-01,2025-12-31
CFA 20,FM,Long Liner,V6P007,8994348,34426,26.82,139.00,LLFM-2025-0317,2025-01-01,2025-12-31
CFA 22,FM,Long Liner,V6P22,8795625,36214,29.70,96.00,LLFM-2025-0363,2025-01-01,2025-12-31
CFA 23,FM,Long Liner,V6P23,8795637,36242,29.70,96.00,LLFM-2025-0318,2025-01-01,2025-12-31
CFA 25,FM,Long Liner,V6P25,8795649,36244,29.70,96.00,LLFM-2025-0364,2025-01-01,2025-12-31
CFA 26,FM,Long Liner,V6P26,8795651,35939,29.70,96.00,LLFM-2025-0319,2025-01-01,2025-12-31
CFA 27,FM,Long Liner,V6P27,8795663,35940,29.70,96.00,LLFM-2025-0320,2025-01-01,2025-12-31
CHANG LI NO.1,TW,Reefer Carrier,BH3293,8680583,35230,53.15,498.00,RCTW-2024-0692,2024-12-25,2025-12-24
CHANG SHENG 36,VU,Bunker,YJTA7,9258040,36822,113.00,5328.00,BKVU-2024-0652,2024-10-09,2025-10-08
CHENILLE,PH,Single Purse Seiner,DUG9082,8204585,7294,61.55,899.00,PSPH-2025-0126,2025-01-01,2025-12-31
CHERRY STAR,KR,Reefer Carrier,DSNK2,9015840,35143,103.60,3942.00,RCKR-2025-0447,2025-01-01,2025-12-31
CHESSA-888,PH,Reefer Carrier,DUE -6334,8508840,35064,88.32,2436.00,RCPH-2024-0694,2024-12-25,2025-12-24
CHIEN YUAN MING NO.88,CN,Long Liner,BG3827,9980203,37086,33.00,198.00,LLCN-2025-0397,2025-01-01,2025-12-31
CONCORD BREEZE,PA,Bunker,3E7466,9319698,37126,244.60,61822.00,BKPA-2025-0527,2025-01-15,2026-01-14
CONCORD SERENITY,PA,Bunker,3E3402,9277785,37037,228.19,42470.00,BKPA-2025-0632,2025-04-14,2026-04-13
COSMOS KIM,TV,Single Purse Seiner,T2QA5,8103092,16949,77.10,1691.00,PSTV-2025-0151,2025-01-01,2025-12-31
CROMWELL 1,FM,Single Purse Seiner,V6PC1,9732656,36656,70.80,1408.00,PSFM-2025-0265,2025-01-01,2025-12-31
CROMWELL 101,FM,Single Purse Seiner,V6PC101,9853773,36834,73.00,1633.00,PSFM-2025-0266,2025-01-01,2025-12-31
DANIELA,US,Single Purse Seiner,WDJ4303,7107716,4499,64.62,1231.00,PSUS-2025-0618,2025-02-14,2025-12-31
DINOK,PA,Reefer Carrier,HOAJ,8908234,34300,120.73,4392.00,RCPA-2024-0672,2024-12-24,2025-12-23
DOLLY 888,PH,Reefer Carrier,DUL7420,8408301,34345,68.76,1427.00,RCPH-2024-0695,2024-12-27,2025-12-26
DOLORES 873,PH,Single Purse Seiner,4DJB-5,9903190,36955,70.59,1100.00,PSPH-2025-0450,2025-01-01,2025-12-31
DONG YU 1521,CN,Long Liner,BZ6UM,8683145,35758,56.50,646.00,LLCN-2025-0237,2025-01-01,2025-12-31
EASTERN MARINE,NR,Single Purse Seiner,C2AM2,9217369,34221,71.23,1099.00,PSNR-2025-0365,2025-01-01,2025-12-31
EASTERN STAR,NR,Single Purse Seiner,C2AN2,8996097,35108,79.59,2354.00,PSNR-2025-0004,2025-01-01,2025-12-31
EISEI MARU,JP,Single Purse Seiner,JENU,9209099,34262,65.24,1096.00,PSJP-2025-0078,2025-01-01,2025-12-31
EITA MARU,PA,Reefer Carrier,HPLA,9109287,35121,88.94,2581.00,RCPA-2025-0544,2025-04-04,2026-04-03
ELSPETH,TV,Single Purse Seiner,T2PH5,7827483,4465,75.59,1725.00,PSTV-2025-0152,2025-01-01,2025-12-31
EURO STAR,PA,Reefer Carrier,3EJQ3,8319055,35827,109.00,4364.00,RCPA-2025-0530,2025-01-11,2026-01-10
F/V BERNADETTE MARIE,PH,Reefer Carrier,4DET-2,8500446,35381,75.77,1463.00,RCPH-2025-0167,2025-01-19,2026-01-18
F/V MATTEO T C,PH,Single Purse Seiner,DYOQ,9206982,34105,71.23,1096.00,PSPH-2025-0619,2025-02-14,2025-12-31
FAIR BRAVO NO.707,TW,Single Purse Seiner,BL2116,9738703,36539,70.59,1288.00,PSTW-2025-0028,2025-01-01,2025-12-31
FAIR WELL NO.707,TW,Single Purse Seiner,BL2127,8996346,35262,70.59,1288.00,PSTW-2025-0022,2025-01-01,2025-12-31
FB TRESKA,PH,Single Purse Seiner,DUG9015,7727920,36930,61.55,955.00,PSPH-2025-0125,2025-01-01,2025-12-31
FENG HUI 17,CN,Long Liner,BZ5VW,8668664,36666,41.00,460.00,LLCN-2025-0273,2025-01-01,2025-12-31
FENG HUI 18,CN,Long Liner,BZ6VW,8668676,36725,41.00,460.00,LLCN-2025-0274,2025-01-01,2025-12-31
FENG HUI 5,CN,Long Liner,BZ7VV,8668626,36650,41.00,460.00,LLCN-2025-0275,2025-01-01,2025-12-31
FENG HUI 6,CN,Long Liner,BZ8VV,8668638,36723,41.00,460.00,LLCN-2025-0276,2025-01-01,2025-12-31
FENG HUI 7,CN,Long Liner,BZ9VV,8668640,36682,41.00,460.00,LLCN-2025-0277,2025-01-01,2025-12-31
FENG HUI 8,CN,Long Liner,BZU5B,8668652,36676,41.00,460.00,LLCN-2025-0278,2025-01-01,2025-12-31
FENG XIANG 818,CN,Single Purse Seiner,BZU8K,8996176,35019,72.37,1152.00,PSCN-2025-0240,2025-01-01,2025-12-31
FENG YU,PA,Reefer Carrier,3EAX9,9016076,34895,117.82,5024.00,RCPA-2025-0296,2025-01-14,2026-01-13
FONG KUO NO.188,TW,Single Purse Seiner,BL2115,9712125,36485,71.79,1428.00,PSTW-2025-0023,2025-01-01,2025-12-31
FONG KUO NO.189,TW,Single Purse Seiner,BL2113,9720213,36497,71.79,1428.00,PSTW-2025-0024,2025-01-01,2025-12-31
FONG KUO NO.688,TW,Single Purse Seiner,BL2151,9764271,36646,71.79,1429.00,PSTW-2025-0048,2025-01-01,2025-12-31
FONG KUO NO.818,PA,Reefer Carrier,3EPS8,8904070,34472,115.00,5286.00,RCPA-2025-0128,2025-01-01,2025-12-31
FONG KUO NO.819,PA,Reefer Carrier,3FCY3,8913992,35648,115.00,5131.00,RCPA-2025-0241,2025-01-01,2025-12-31
FONG KUO NO.828,TW,Single Purse Seiner,BL2107,9712137,36490,70.59,1467.00,PSTW-2025-0049,2025-01-01,2025-12-31
FONG KUO NO.866,TW,Single Purse Seiner,BL2095,8748646,35476,72.37,1179.00,PSTW-2025-0050,2025-01-01,2025-12-31
FONG KUO NO.889,TW,Single Purse Seiner,BL2106,9674244,36339,71.79,1428.00,PSTW-2025-0051,2025-01-01,2025-12-31
FORMOSA MANZAI 707,NR,Single Purse Seiner,C2DJ2,8131441,26161,79.69,1957.00,PSNR-2025-0652,2025-04-19,2025-12-31
FRIESLAND,US,Single Purse Seiner,WDE6789,9310953,35259,89.21,2386.00,PSUS-2025-0522,2025-01-01,2025-12-31
FRIO CARIBIC,PA,Reefer Carrier,HOA3091,9078476,37319,134.01,5994.00,RCPA-2025-0658,2025-05-07,2026-05-06
FUKUICHI MARU NO.128,JP,Single Purse Seiner,JENO,9206188,34121,63.49,1093.00,PSJP-2025-0129,2025-01-01,2025-12-31
FUKUICHI MARU NO.81,JP,Single Purse Seiner,7KNO,9960071,37107,79.61,1788.00,PSJP-2025-0027,2025-01-01,2025-12-31
FUKUICHI MARU NO.83,JP,Single Purse Seiner,7JEG,9524853,35803,79.61,1788.00,PSJP-2025-0138,2025-01-01,2025-12-31
FUKUICHI MARU NO.88,JP,Single Purse Seiner,7KGC,9890721,36959,79.61,1788.00,PSJP-2025-0130,2025-01-01,2025-12-31
FUKUTOKU MARU NO. 37,JP,Long Liner,JQPE,9066904,30809,56.17,379.00,LLJP-2025-0214,2025-01-01,2025-12-31
FUKUTOKU MARU NO.38,JP,Long Liner,JBSX,9185360,35903,56.17,379.00,LLJP-2025-0229,2025-01-01,2025-12-31
FUKUTOKU MARU NO.88,JP,Long Liner,7JNP,9671711,37091,49.30,398.00,LLJP-2025-0207,2025-01-01,2025-12-31
FUKUYO MARU NO.5,JP,Long Liner,7KIK,9918389,36995,57.43,497.00,LLJP-2025-0253,2025-01-01,2025-12-31
FUKUYO MARU NO.7,JP,Long Liner,7JPQ,9689859,36489,57.43,436.00,LLJP-2025-0631,2025-03-13,2025-12-31
FUSION ENERGY,PA,Bunker,HO8563,9259329,,228.08,41418.00,BKPA-2025-0712,2025-08-05,2026-08-04
FV DOLORES 869,PH,Single Purse Seiner,DUHQ,9798064,36730,71.79,1100.00,PSPH-2025-0644,2025-04-14,2025-12-31
FV FRANCESCA LT,PH,Reefer Carrier,DUL-6023,8223983,35420,83.91,1542.56,RCPH-2025-0168,2025-01-12,2026-01-11
FV MARGARITA 8,PH,Single Purse Seiner,4DFB-9,9278844,34824,61.94,1280.00,PSPH-2025-0127,2025-01-01,2025-12-31
FV QUEEN MARILOU-999,PH,Single Purse Seiner,DUZ-2105,9033282,28365,63.51,1139.00,PSPH-2025-0470,2025-01-01,2025-12-31
GABRIELLE,US,Single Purse Seiner,WDP8694,7124697,37222,65.20,1522.00,PSUS-2025-0458,2025-01-01,2025-12-31
GABRIELLE L.T.,PH,Single Purse Seiner,4DFC-5,8748672,26732,69.26,1081.00,PSPH-2025-0169,2025-01-01,2025-12-31
GARDENIA 888,PG,Single Purse Seiner,P2V5654,8648028,17731,64.70,995.00,PSPG-2025-0472,2025-01-01,2025-12-31
GENPUKU MARU NO.18,JP,Single Purse Seiner,JDSN,9296896,35155,64.45,1092.00,PSJP-2025-0085,2025-01-01,2025-12-31
GENPUKU MARU NO.81,JP,Single Purse Seiner,7KHF,9902366,36979,79.61,1788.00,PSJP-2025-0086,2025-01-01,2025-12-31
GENTA MARU,PA,Reefer Carrier,H3EQ,9620384,36241,99.06,3989.00,RCPA-2024-0657,2024-10-17,2025-10-16
GOLDEN SAPPHIRE 88,PG,Single Purse Seiner,P2V5655,8324177,10959,61.43,1032.00,PSPG-2025-0473,2025-01-01,2025-12-31
GUANG YUAN YU 331,CN,Long Liner,BZXH5,1016616,35374,37.41,323.00,LLCN-2025-0422,2025-01-01,2025-12-31
GUANG YUAN YU 332,CN,Long Liner,BZXH6,1016630,35375,37.41,323.00,LLCN-2025-0423,2025-01-01,2025-12-31
GUANG YUAN YU 333,CN,Long Liner,BZWZ32,1016642,35806,37.41,323.00,LLCN-2025-0424,2025-01-01,2025-12-31
GUANG YUAN YU 335,CN,Long Liner,BZWY45,1016678,35734,37.41,323.00,LLCN-2025-0425,2025-01-01,2025-12-31
GUANG YUAN YU 336,CN,Long Liner,BZXF8,9875745,36869,36.24,282.00,LLCN-2025-0583,2025-01-29,2025-12-31
GUANG YUAN YU 339,CN,Long Liner,BZWY48,9742364,36599,36.34,277.00,LLCN-2025-0421,2025-01-01,2025-12-31
GUAYATUNA DOS,EC,Single Purse Seiner,HC4650,8111087,34292,77.30,2165.00,PSEC-2025-0343,2025-01-01,2025-12-31
GUAYATUNA UNO,EC,Single Purse Seiner,HC4649,8107476,34294,77.30,2165.00,PSEC-2025-0345,2025-01-01,2025-12-31
HAI FENG 188,CN,Reefer Carrier,BQBI5,1107805,,135.38,7441.00,RCCN-2025-0718,2025-08-28,2026-08-27
HAI FENG 618,VU,Reefer Carrier,YJTA3,9035084,36231,138.00,7800.00,RCVU-2025-0587,2025-05-24,2026-05-23
HAI FENG 668,VU,Reefer Carrier,YJXQ9,8800236,36667,124.70,4970.00,RCVU-2025-0586,2025-03-16,2026-03-15
HAI FENG 718,VU,Reefer Carrier,YJXQ4,9135169,36898,143.00,8896.00,RCVU-2024-0677,2024-11-05,2025-11-04
HAI SOON 61,CK,Bunker,E5U3321,9276901,36421,106.98,4251.00,BKCK-2025-0083,2025-01-01,2025-12-31
HAI XING 615,CN,Long Liner,BZ8VZ,9727780,36509,41.00,461.00,LLCN-2025-0548,2025-01-09,2025-12-31
HAI XING 616,CN,Long Liner,BZ9VZ,9727792,36508,47.00,461.00,LLCN-2025-0565,2025-01-17,2025-12-31
HAI XING 715,CN,Long Liner,BZ7VG,8654170,36198,36.34,299.00,LLCN-2025-0496,2025-01-01,2025-12-31
HAI XING 716,CN,Long Liner,BZ8VG,8654182,36199,36.34,299.00,LLCN-2025-0497,2025-01-01,2025-12-31
HAI XING 717,CN,Long Liner,BZ9VG,8654194,36200,36.34,299.00,LLCN-2025-0498,2025-01-01,2025-12-31
HAI XING 718,CN,Long Liner,BZ1VH,8654209,36201,36.34,299.00,LLCN-2025-0499,2025-01-01,2025-12-31
HAI XING 815,CN,Long Liner,BZU6B,9702912,36473,45.00,428.00,LLCN-2025-0500,2025-01-01,2025-12-31
HAI XING 817,CN,Long Liner,BZU8B,9702936,36475,45.00,428.00,LLCN-2025-0521,2025-01-01,2025-12-31
HAI ZHI RUN 7,PA,Bunker,HOA3655,9621223,37166,141.70,7984.00,BKPA-2024-0668,2024-10-31,2025-10-30
HAKKO MARU NO.2,JP,Single Purse Seiner,7JAB,9326251,35306,63.24,1094.00,PSJP-2025-0123,2025-01-01,2025-12-31
HAKKO MARU NO.35,JP,Single Purse Seiner,7JPV,9690315,36534,70.15,1470.00,PSJP-2025-0122,2025-01-01,2025-12-31
HANARA,KR,Single Purse Seiner,6KAP,9743435,36713,79.60,1811.00,PSKR-2025-0143,2025-01-01,2025-12-31
HANARO,PA,Reefer Carrier,H3RL,9133317,35851,120.75,4490.00,RCPA-2025-0461,2025-01-01,2025-12-31
HARVEST 62,PA,Bunker,3E3375,9916329,37022,106.75,4564.00,BKPA-2025-0600,2025-01-12,2026-01-11
HIKARI 1,PA,Reefer Carrier,3EYH9,9293313,35899,120.75,4521.00,RCPA-2025-0455,2025-01-01,2025-12-31
HONG YANG 11,CN,Long Liner,BZU4B,8672251,36727,41.00,460.00,LLCN-2025-0503,2025-01-01,2025-12-31
HONG YANG 8,CN,Long Liner,BZU5C,8670540,36816,44.19,473.00,LLCN-2025-0504,2025-01-01,2025-12-31
HONG YANG 88,CN,Long Liner,BZU6C,8670552,36817,44.19,473.00,LLCN-2025-0502,2025-01-01,2025-12-31
HOSHIN MARU NO.62,JP,Long Liner,JJCT,9011351,27029,56.17,409.00,LLJP-2025-0252,2025-01-01,2025-12-31
HOSHIN MARU NO.78,JP,Long Liner,7JQB,9690303,36641,57.10,439.00,LLJP-2025-0254,2025-01-01,2025-12-31
HOSHIN MARU NO.81,JP,Long Liner,7KHG,9907287,36990,57.08,459.00,LLJP-2025-0212,2025-01-01,2025-12-31
HSIEH FENG NO.788,TW,Single Purse Seiner,BL2121,9789582,36692,71.79,1428.00,PSTW-2025-0003,2025-01-01,2025-12-31
HSIEH FENG NO.789,TW,Single Purse Seiner,BL2120,9804265,36724,71.79,1428.00,PSTW-2025-0035,2025-01-01,2025-12-31
HUA FU 107,PA,Reefer Carrier,3FDZ4,8518819,33992,124.70,4964.00,RCPA-2025-0139,2025-01-01,2025-12-31
HUA FU 207,PA,Reefer Carrier,H9PE,9041540,36596,137.55,6399.00,RCPA-2025-0242,2025-01-01,2025-12-31
HUA NAN YU 702,CN,Long Liner,BZXW8,9829021,36778,30.42,149.00,LLCN-2025-0324,2025-01-01,2025-12-31
HUA NAN YU 703,CN,Long Liner,BZXW9,9829057,36779,30.42,149.00,LLCN-2025-0325,2025-01-01,2025-12-31
HUA NAN YU 705,CN,Long Liner,BZWD9,9896878,36927,30.42,157.00,LLCN-2025-0326,2025-01-01,2025-12-31
HUA NAN YU 712,CN,Long Liner,BZXD23,8628688,36074,32.74,196.00,LLCN-2025-0315,2025-01-01,2025-12-31
HUA NAN YU 716,CN,Long Liner,BZXD24,8654924,36238,32.74,196.00,LLCN-2025-0524,2025-01-01,2025-12-31
HUA NAN YU 718,CN,Long Liner,BZXD26,8654948,36246,32.74,196.00,LLCN-2025-0244,2025-01-01,2025-12-31
HUA NAN YU 721,CN,Long Liner,BZXD28,8654962,36259,32.74,196.00,LLCN-2025-0245,2025-01-01,2025-12-31
HUA NAN YU 723,CN,Long Liner,BZXD32,8654986,36261,32.74,196.00,LLCN-2025-0523,2025-01-01,2025-12-31
HUA NAN YU 731,CN,Long Liner,BZXD33,9699139,36435,38.15,296.00,LLCN-2025-0316,2025-01-01,2025-12-31
HUA NAN YU 732,CN,Long Liner,BZXD34,9699141,36436,38.15,296.00,LLCN-2025-0246,2025-01-01,2025-12-31
HUA NAN YU 736,CN,Long Liner,BZXD35,9699153,36437,38.15,296.00,LLCN-2025-0446,2025-01-01,2025-12-31
HUA NAN YU 738,CN,Long Liner,BZXD37,9707601,36480,38.15,296.00,LLCN-2025-0525,2025-01-01,2025-12-31
HUA NAN YU 739,CN,Long Liner,BZXD38,9707613,36479,38.15,296.00,LLCN-2025-0247,2025-01-01,2025-12-31
HUA NAN YU 761,CN,Long Liner,BZW3C,9814375,36753,30.42,149.00,LLCN-2025-0327,2025-01-01,2025-12-31
HUA NAN YU 762,CN,Long Liner,BZW4C,9814442,36754,30.42,149.00,LLCN-2025-0328,2025-01-01,2025-12-31
HUA NAN YU 766,CN,Long Liner,BZW5C,9814454,36755,30.42,149.00,LLCN-2025-0329,2025-01-01,2025-12-31
HUA NAN YU 767,CN,Long Liner,BZW6C,9814466,36756,30.42,149.00,LLCN-2025-0330,2025-01-01,2025-12-31
HUA NAN YU 768,CN,Long Liner,BZW9C,9814478,36757,30.42,149.00,LLCN-2025-0331,2025-01-01,2025-12-31
HUA NAN YU 769,CN,Long Liner,BZW1D,9814480,36758,30.42,149.00,LLCN-2025-0332,2025-01-01,2025-12-31
HUI HANG 828,PA,Bunker,3E8278,9912385,37324,119.98,6117.00,BKPA-2025-0640,2025-04-09,2026-04-08
HUYU 927,CN,Long Liner,BZV7T,9784738,36684,49.90,560.00,LLCN-2025-0545,2025-01-09,2025-12-31
HUYU 928,CN,Long Liner,BZV8T,9784740,36686,49.90,560.00,LLCN-2025-0546,2025-01-09,2025-12-31
HUYU 929,CN,Long Liner,BZV9T,9784673,36687,49.90,560.00,LLCN-2025-0547,2025-01-09,2025-12-31
ISABELLA,US,Single Purse Seiner,WDE5192,8111465,35726,62.39,1569.00,PSUS-2025-0616,2025-02-14,2025-12-31
JABBUK,MH,Single Purse Seiner,V7A2096,9784477,36853,75.34,1789.00,PSMH-2025-0105,2025-01-01,2025-12-31
JANG BO GO,KR,Single Purse Seiner,DTBU8,9511301,35763,79.90,2009.00,PSKR-2025-0144,2025-01-01,2025-12-31
JASMIN 888,PH,Single Purse Seiner,DUE6325,8822064,24166,62.88,1110.00,PSPH-2025-0536,2025-01-06,2025-12-31
JIA YI 28,CN,Reefer Carrier,BPVR9,1016604,37223,128.00,6737.00,RCCN-2025-0624,2025-02-27,2026-02-26
JIH YU NO.168,TW,Single Purse Seiner,BKKN,9794745,36703,70.59,1484.00,PSTW-2025-0001,2025-01-01,2025-12-31
JIH YU NO.568,TW,Single Purse Seiner,BL2158,9923645,36982,74.71,1706.00,PSTW-2025-0045,2025-01-01,2025-12-31
JIH YU NO.668,TW,Single Purse Seiner,BL2100,9732876,36529,70.59,1467.00,PSTW-2025-0046,2025-01-01,2025-12-31
JIH YU NO.768,TW,Single Purse Seiner,BL2117,9765976,36623,70.59,1484.00,PSTW-2025-0047,2025-01-01,2025-12-31
JIH YU NO.868,TW,Single Purse Seiner,BL2119,9781542,36677,70.59,1484.00,PSTW-2025-0002,2025-01-01,2025-12-31
JIH YU NO.968,TW,Single Purse Seiner,BL2108,9680164,36386,71.79,1428.00,PSTW-2025-0077,2025-01-01,2025-12-31
JIN CHING FA,TW,Long Liner,BK6465,8551639,32992,21.58,40.67,LLTW-2025-0485,2025-01-01,2025-12-31
JIN FENG 5,CN,Long Liner,BZU7Z,9931032,37216,44.80,570.00,LLCN-2025-0279,2025-01-01,2025-12-31
JIN FENG 6,CN,Long Liner,BZUBZ,9931020,37217,44.80,570.00,LLCN-2025-0280,2025-01-01,2025-12-31
JIN HUI 58,CN,Single Purse Seiner,BZW2A,9808687,36739,75.94,1782.00,PSCN-2025-0107,2025-01-01,2025-12-31
JIN HUI 68,CN,Single Purse Seiner,BZUS4,9885702,36986,76.73,1850.00,PSCN-2025-0108,2025-01-01,2025-12-31
JIN HUI 8,CN,Single Purse Seiner,BIWM,9676187,36340,75.47,1640.00,PSCN-2025-0109,2025-01-01,2025-12-31
JIN HUI 9,CN,Single Purse Seiner,BIWO,9682825,36389,75.47,1640.00,PSCN-2025-0110,2025-01-01,2025-12-31
JIN HUI NO.6,CN,Single Purse Seiner,BIWX,8924381,28613,70.26,1198.00,PSCN-2025-0111,2025-01-01,2025-12-31
JIN JINN YI,TW,Reefer Carrier,BI2562,8947369,35841,57.60,709.00,RCTW-2025-0258,2025-06-27,2026-06-26
JIN JINN YI NO. 626,TW,Long Liner,BG3671,8629266,35885,34.00,198.00,LLTW-2025-0417,2025-01-01,2025-12-31
JIN JINN YI NO.16,TW,Long Liner,BG3910,8523955,34685,30.50,133.00,LLTW-2025-0259,2025-01-01,2025-12-31
JIN JINN YI NO.168,TW,Long Liner,BH3665,8661836,36292,36.80,213.00,LLTW-2025-0635,2025-03-25,2025-12-31
JIN JINN YI NO.26,TW,Long Liner,BG3982,8792958,35581,31.00,141.00,LLTW-2025-0260,2025-01-01,2025-12-31
JIN JINN YI NO.268,TW,Long Liner,BG3983,8792960,35582,30.70,136.00,LLTW-2025-0414,2025-01-01,2025-12-31
JIN JINN YI NO.36,TW,Long Liner,BG3687,8749080,36015,35.65,195.00,LLTW-2025-0415,2025-01-01,2025-12-31
JIN JINN YI NO.368,TW,Long Liner,BH3520,9907146,36966,41.62,386.00,LLTW-2025-0416,2025-01-01,2025-12-31
JIN JINN YI NO.66,TW,Long Liner,BG3682,8749092,36014,35.25,188.00,LLTW-2025-0418,2025-01-01,2025-12-31
JIN JINN YI NO.668,TW,Long Liner,BG3984,8524284,36005,30.70,142.00,LLTW-2025-0261,2025-01-01,2025-12-31
JIN JINN YI NO.818,TW,Long Liner,BG3866,1026116,37131,33.90,199.00,LLTW-2025-0419,2025-01-01,2025-12-31
JIN JINN YI NO.828,TW,Long Liner,BG3705,9639000,36164,37.30,197.00,LLTW-2025-0420,2025-01-01,2025-12-31
JIN SHENG 8,CN,Long Liner,BZSX5,8652732,34860,57.30,647.00,LLCN-2025-0281,2025-01-01,2025-12-31
JIN SHENG NO.3,CN,Long Liner,BZZY7,9146675,33522,56.17,602.00,LLCN-2025-0362,2025-01-01,2025-12-31
JIN XIANG 11,CN,Long Liner,BZYB2,9789362,36624,37.60,271.00,LLCN-2025-0540,2025-01-07,2025-12-31
JIN XIANG 12,CN,Long Liner,BZYB3,9789374,36652,37.60,271.00,LLCN-2025-0541,2025-01-08,2025-12-31
JINHUI 18,CN,Single Purse Seiner,BZU8E,9733404,36533,75.34,1792.00,PSCN-2025-0106,2025-01-01,2025-12-31
JINXIANG808,CN,Long Liner,BZYB6,1038212,37143,39.00,340.00,LLCN-2025-0505,2025-01-01,2025-12-31
JINYANG 807,CN,Long Liner,BCLN8,9821378,36771,36.21,243.00,LLCN-2025-0706,2025-07-24,2025-12-31
JOE TURNER,PH,Single Purse Seiner,DYUD,9097355,35626,71.79,1416.00,PSPH-2025-0170,2025-01-01,2025-12-31
JOHN FISHER,PH,Single Purse Seiner,DUTT,8996188,35087,72.37,1415.00,PSPH-2025-0171,2025-01-01,2025-12-31
JONATHAN ACE,PA,Reefer Carrier,3FPM2,8221595,35861,99.02,3520.00,RCPA-2025-0531,2025-01-08,2026-01-07
JONATHAN STAR,PA,Reefer Carrier,3FKN7,8223311,34904,107.88,4394.00,RCPA-2025-0488,2025-01-11,2026-01-10
JUBILEE,KR,Single Purse Seiner,6KSE,9848857,36904,79.80,1862.00,PSKR-2025-0191,2025-01-01,2025-12-31
KAI DE,PA,Reefer Carrier,H3XA,8421286,36145,107.96,4202.00,RCPA-2025-0243,2025-01-01,2025-12-31
KAICHUANG 101,CN,Reefer Carrier,BZW3A,9810604,36751,115.00,4400.00,RCCN-2025-0577,2025-02-01,2026-01-31
KAICHUANG 102,CN,Reefer Carrier,BZW4A,9810616,36752,115.00,4400.00,RCCN-2025-0578,2025-01-01,2025-12-31
KAIGATA MARU NO.88,JP,Long Liner,JQRB,9109275,33084,56.70,409.00,LLJP-2025-0211,2025-01-01,2025-12-31
KAILE 888,PH,Single Purse Seiner,DUA-7053,9708241,36488,71.79,1349.00,PSPH-2025-0476,2025-01-01,2025-12-31
KAMILAH,PH,Single Purse Seiner,DUM3346,8130174,7278,61.10,1016.00,PSPH-2025-0466,2025-01-01,2025-12-31
KAOHSIUNG MANZAI 707,NR,Single Purse Seiner,C2DI2,8996308,35071,79.46,2026.00,PSNR-2025-0031,2025-01-01,2025-12-31
KATAH,KR,Reefer Carrier,DSRG3,9105360,34503,120.75,4457.00,RCKR-2025-0333,2025-01-01,2025-12-31
KIBENA 1,KI,Single Purse Seiner,T3FQ,9934424,37012,75.95,1837.00,PSKI-2025-0093,2025-01-01,2025-12-31
KIBENA 2,KI,Single Purse Seiner,T3FS,9959682,37038,75.95,1837.00,PSKI-2025-0094,2025-01-01,2025-12-31
KIBENA 3,KI,Single Purse Seiner,T3FY,9973999,37065,75.95,1837.00,PSKI-2025-0092,2025-01-01,2025-12-31
KIBENA 6,KI,Single Purse Seiner,T3AV,1024168,37243,76.73,1848.00,PSKI-2025-0625,2025-02-27,2025-12-31
KIBENA 7,KI,Single Purse Seiner,T3AW,1024170,37244,76.73,1848.00,PSKI-2025-0626,2025-02-27,2025-12-31
KINEI MARU NO.118,JP,Long Liner,JGOG,9311907,37007,52.19,489.00,LLJP-2025-0255,2025-01-01,2025-12-31
KINEI MARU NO.135,JP,Long Liner,JGCF,9311921,37010,49.52,439.00,LLJP-2025-0210,2025-01-01,2025-12-31
KINEI MARU NO.53,JP,Long Liner,JBAS,9189031,35562,58.02,469.00,LLJP-2025-0215,2025-01-01,2025-12-31
KOO'S 101,MH,Single Purse Seiner,V7HB9,9348120,35335,72.37,1152.00,PSMH-2025-0512,2025-01-01,2025-12-31
KOO'S 102,MH,Single Purse Seiner,V7HC2,9349899,35339,72.37,1152.00,PSMH-2025-0513,2025-01-01,2025-12-31
KOO'S 103,MH,Single Purse Seiner,V7A5001,9953389,37032,66.62,1750.00,PSMH-2025-0514,2025-01-01,2025-12-31
KOO'S 108,MH,Single Purse Seiner,V7EF3,9289219,34974,61.85,1152.00,PSMH-2025-0515,2025-01-01,2025-12-31
KOYO MARU NO.55,JP,Single Purse Seiner,7JLZ,9641663,36631,69.45,1336.00,PSJP-2025-0079,2025-01-01,2025-12-31
KOYO MARU NO.7,JP,Single Purse Seiner,7KPN,1028712,37150,79.61,1788.00,PSJP-2025-0091,2025-01-01,2025-12-31
KOYO MARU NO.78,JP,Single Purse Seiner,7KOU,9991018,37123,79.61,1788.00,PSJP-2025-0117,2025-01-01,2025-12-31
KOYO MARU NO.88,JP,Single Purse Seiner,7JSS,9737228,36645,79.99,1884.00,PSJP-2025-0118,2025-01-01,2025-12-31
LAJABWIL,MH,Single Purse Seiner,V7A2098,9784491,36855,75.34,1789.00,PSMH-2025-0112,2025-01-01,2025-12-31
LAKE AURORA,KR,Reefer Carrier,D7UQ,9194892,35888,100.98,3936.00,RCKR-2025-0334,2025-01-01,2025-12-31
LAKE CASTLE,KR,Reefer Carrier,D7NB,9004657,33135,108.02,3696.00,RCKR-2025-0335,2025-01-01,2025-12-31
LAKE DREAM,KR,Reefer Carrier,D7WU,9172442,34083,97.02,3683.00,RCKR-2024-0654,2024-10-22,2025-10-21
LAKE NOVA,KR,Reefer Carrier,D7AL,9009669,36683,115.00,5225.00,RCKR-2025-0336,2025-01-01,2025-12-31
LAKE PEARL,KR,Reefer Carrier,D7TD,9004401,36133,115.00,5136.00,RCKR-2025-0337,2025-01-01,2025-12-31
LAKE WIN,KR,Reefer Carrier,DSQW2,9020780,35959,93.39,2623.00,RCKR-2025-0340,2025-01-01,2025-12-31
LAUREN MARIE TAYLOR,PH,Single Purse Seiner,DUA-6679,8748517,24588,64.70,1088.00,PSPH-2025-0172,2025-01-01,2025-12-31
LIAOYU REEFER 1,PA,Reefer Carrier,3FLJ6,8904068,34553,115.00,5286.00,RCPA-2025-0462,2025-01-11,2026-01-10
LOMALO,MH,Single Purse Seiner,V7UB4,9588665,36063,71.79,1344.00,PSMH-2025-0113,2025-01-01,2025-12-31
LOMETO,MH,Single Purse Seiner,V7TQ8,9583419,36044,71.79,1344.00,PSMH-2025-0114,2025-01-01,2025-12-31
LU RONG YUAN YU 136,CN,Long Liner,BCFA1,9730440,36519,38.36,307.00,LLCN-2025-0693,2025-07-21,2025-12-31
LU RONG YUAN YU 137,CN,Long Liner,BCFA2,9730464,36520,38.36,307.00,LLCN-2025-0694,2025-07-21,2025-12-31
LU RONG YUAN YU 138,CN,Long Liner,BCFA3,9730476,36521,38.36,307.00,LLCN-2025-0695,2025-07-21,2025-12-31
LU RONG YUAN YU 205,CN,Long Liner,BBIM5,8663286,36453,37.56,276.00,LLCN-2025-0588,2025-01-30,2025-12-31
LU RONG YUAN YU 206,CN,Long Liner,BBIM6,8663298,36460,42.50,276.00,LLCN-2025-0589,2025-01-30,2025-12-31
LU RONG YUAN YU 207,CN,Long Liner,BBIM7,8663303,36461,42.50,276.00,LLCN-2025-0590,2025-01-30,2025-12-31
LU RONG YUAN YU 208,CN,Long Liner,BBIM8,8663315,36462,42.50,276.00,LLCN-2025-0602,2025-02-05,2025-12-31
LU RONG YUAN YU 209,CN,Long Liner,BCFH6,9769491,36872,42.50,276.00,LLCN-2025-0604,2025-02-05,2025-12-31
LU RONG YUAN YU 210,CN,Long Liner,BCFH7,9757759,36796,42.50,276.00,LLCN-2025-0591,2025-01-30,2025-12-31
LU RONG YUAN YU 316,CN,Long Liner,BZ5UP,8573883,36998,43.60,315.00,LLCN-2025-0592,2025-01-30,2025-12-31
LU RONG YUAN YU 317,CN,Long Liner,BZ6UP,8573895,36999,43.60,315.00,LLCN-2025-0593,2025-01-30,2025-12-31
LU RONG YUAN YU 56,CN,Long Liner,BBZN6,9691876,36424,37.56,276.00,LLCN-2025-0696,2025-07-21,2025-12-31
LU RONG YUAN YU 57,CN,Long Liner,BBZN7,9691888,36425,37.56,276.00,LLCN-2025-0697,2025-07-21,2025-12-31
LU RONG YUAN YU 58,CN,Long Liner,BBZN8,9691890,36426,37.56,276.00,LLCN-2025-0705,2025-07-24,2025-12-31
LU RONG YUAN YU 59,CN,Long Liner,BBZN9,9691905,36427,37.56,276.00,LLCN-2025-0698,2025-07-21,2025-12-31
LU RONG YUAN YU 636,CN,Long Liner,BBZN2,1107104,37326,42.06,292.00,LLCN-2025-0672,2025-06-27,2025-12-31
LU RONG YUAN YU 637,CN,Long Liner,BBZN3,1107116,37327,42.06,292.00,LLCN-2025-0683,2025-07-01,2025-12-31
LU RONG YUAN YU 638,CN,Long Liner,BBZN4,1107128,37328,42.06,292.00,LLCN-2025-0691,2025-07-04,2025-12-31
LU RONG YUAN YU 639,CN,Long Liner,BBZN5,1107130,37329,42.60,292.00,LLCN-2025-0684,2025-07-01,2025-12-31
LU RONG YUAN YU 776,CN,Long Liner,BZVQ6,9910856,37103,40.27,381.00,LLCN-2025-0407,2025-01-01,2025-12-31
LU RONG YUAN YU 798,CN,Long Liner,BBIM9,9700378,36455,37.90,255.00,LLCN-2025-0350,2025-01-01,2025-12-31
LU RONG YUAN YU 799,CN,Long Liner,BBKV5,8662270,36449,42.80,268.00,LLCN-2025-0426,2025-01-01,2025-12-31
LU RONG YUAN YU 800,CN,Long Liner,BZYP3,9878606,37130,37.38,329.00,LLCN-2025-0559,2025-01-14,2025-12-31
LU RONG YUAN YU 888,CN,Long Liner,BBIV8,9704403,36456,35.16,255.00,LLCN-2025-0563,2025-01-17,2025-12-31
LU RONG YUAN YU 889,CN,Long Liner,BBIV9,9704415,36457,35.16,255.00,LLCN-2025-0564,2025-01-17,2025-12-31
LU RONG YUAN YU 900,CN,Long Liner,BZYP4,9878618,37159,37.38,329.00,LLCN-2025-0554,2025-01-10,2025-12-31
LU RONG YUAN YU 937,CN,Long Liner,BZTI6,9887487,37023,43.60,314.00,LLCN-2025-0594,2025-01-30,2025-12-31
LU RONG YUAN YU 938,CN,Long Liner,BZTI7,9887499,37024,43.60,314.00,LLCN-2025-0595,2025-01-30,2025-12-31
LU RU YUAN YU 118,CN,Long Liner,BZ7UQ,9918078,37052,40.22,389.00,LLCN-2025-0313,2025-01-01,2025-12-31
LU RU YUAN YU 138,CN,Long Liner,BZ8UQ,9918080,37053,40.22,389.00,LLCN-2025-0314,2025-01-01,2025-12-31
LU RU YUAN YU 669,CN,Long Liner,BZZA9,9918092,37063,42.60,332.00,LLCN-2025-0692,2025-07-14,2025-12-31
LU YUAN NO.24,CN,Long Liner,BBCH4,9674749,36313,39.90,255.00,LLCN-2025-0598,2025-02-03,2025-12-31
LUNG YUIN,VU,Reefer Carrier,YJQP3,9048603,36135,94.32,3431.00,RCVU-2025-0634,2025-03-14,2026-03-13
LURONGYUANYUYUN 668,CN,Reefer Carrier,BZ1UP,9931197,37069,118.52,5160.00,RCCN-2024-0665,2024-12-29,2025-12-28
LURONGYUANYUYUN667,CN,Reefer Carrier,BZV6Y,8779126,37215,116.00,4506.00,RCCN-2024-0650,2024-09-26,2025-09-25
LURONGYUANYUYUN669,CN,Reefer Carrier,BZW6E,9821134,37129,116.00,4506.00,RCCN-2025-0670,2025-04-04,2026-04-03
MABAH,PA,Reefer Carrier,3FSC4,9105358,33424,120.75,4457.00,RCPA-2024-0686,2024-12-02,2025-12-01
MALVA 888,NR,Single Purse Seiner,C2AR2,9761396,36654,70.59,1562.00,PSNR-2025-0238,2025-01-01,2025-12-31
MAMA LINDA,PH,Single Purse Seiner,4DET-8,9676967,36341,71.79,1100.00,PSPH-2025-0174,2025-01-01,2025-12-31
MAMAUTARI,KI,Single Purse Seiner,T3LW2,8003278,4390,68.00,1526.00,PSKI-2025-0157,2025-01-01,2025-12-31
MAR DE SERGIO,ES,Single Purse Seiner,EHNB,8212075,37019,84.20,2767.00,PSES-2025-0346,2025-01-01,2025-12-31
MARAWA II,KI,Single Purse Seiner,T3NG2,7806491,20099,68.10,1565.00,PSKI-2025-0149,2025-01-01,2025-12-31
MARIA ERLINDA,PH,Reefer Carrier,DUPZ6,8419544,33924,77.84,1482.00,RCPH-2025-0175,2025-01-12,2026-01-11
MARIBO 61,KI,Single Purse Seiner,T3GU,1071123,37242,74.90,1898.00,PSKI-2025-0612,2025-02-14,2025-12-31
MARIBO 62,KI,Single Purse Seiner,T3GV,1071135,37285,74.90,1898.00,PSKI-2025-0630,2025-03-05,2025-12-31
MARINE MOON,PA,Bunker,3E3431,9547776,37040,110.00,5256.00,BKPA-2025-0655,2025-05-11,2026-05-10
MARIRAOI,KI,Single Purse Seiner,T3AF2,8003230,22889,61.16,1526.00,PSKI-2025-0158,2025-01-01,2025-12-31
MARITA 88,PH,Single Purse Seiner,DUA-7059,9720354,36501,70.59,1557.00,PSPH-2025-0682,2025-06-30,2025-12-31
MARORAOI,KI,Single Purse Seiner,T3LN2,8103080,4226,65.00,1475.00,PSKI-2025-0159,2025-01-01,2025-12-31
MARSHALLS 202,MH,Single Purse Seiner,V7CN5,9206994,34106,71.23,1099.00,PSMH-2025-0516,2025-01-01,2025-12-31
MATHAWMARFACH,FM,Single Purse Seiner,V6YM,8119651,32590,65.00,1555.00,PSFM-2025-0464,2025-01-01,2025-12-31
MAVIENNE,PH,Single Purse Seiner,DUM3347,8122529,7187,61.90,1012.00,PSPH-2025-0467,2025-01-01,2025-12-31
MEIHO MARU NO.88,JP,Single Purse Seiner,7JBH,9386782,35440,69.37,1338.00,PSJP-2025-0153,2025-01-01,2025-12-31
MELISSA,FM,Single Purse Seiner,V6P87,8030453,35755,68.83,1641.82,PSFM-2025-0184,2025-01-01,2025-12-31
MICRONESIA 101,FM,Single Purse Seiner,V6PM1,9587037,36050,64.40,1517.00,PSFM-2025-0163,2025-01-01,2025-12-31
MICRONESIA 102,FM,Single Purse Seiner,V6PM2,9587544,36060,64.40,1517.00,PSFM-2025-0164,2025-01-01,2025-12-31
MICRONESIA 103,FM,Single Purse Seiner,V6PM3,9817054,36767,70.59,1562.00,PSFM-2025-0193,2025-01-01,2025-12-31
MICRONESIA 106,FM,Single Purse Seiner,V6PM6,9817224,36774,70.59,1450.00,PSFM-2025-0162,2025-01-01,2025-12-31
MILFLORES 888,PG,Single Purse Seiner,P2V5653,8648030,22145,57.36,995.02,PSPG-2025-0478,2025-01-01,2025-12-31
MING RUN 67,CN,Reefer Carrier,BPIY9,9996654,37125,134.73,6803.00,RCCN-2025-0506,2025-01-30,2026-01-29
MING RUN 68,CN,Reefer Carrier,BPJE5,9996666,37133,134.73,6803.00,RCCN-2025-0550,2025-02-09,2026-02-08
MIRAERO,KR,Single Purse Seiner,6KCD5,9713985,36585,79.60,1826.00,PSKR-2025-0145,2025-01-01,2025-12-31
MISIKAN,KR,Bunker,D8BD,9246932,36968,113.98,5372.00,BKKR-2025-0715,2025-08-14,2026-08-13
MISS LUEN,FM,Long Liner,V6P1833,9300099,35110,22.44,136.00,LLFM-2025-0321,2025-01-01,2025-12-31
MIYA MARU NO.18,JP,Single Purse Seiner,7JKW,9634749,36273,69.49,1339.00,PSJP-2025-0119,2025-01-01,2025-12-31
MOAKONA,KI,Single Purse Seiner,T3QN2,9699581,36616,79.90,2338.00,PSKI-2025-0222,2025-01-01,2025-12-31
MOAMARI,KI,Single Purse Seiner,T3JG,8120533,17715,76.06,1633.00,PSKI-2025-0223,2025-01-01,2025-12-31
MONTELAPE,SV,Single Purse Seiner,YSC2004,8021775,36408,78.10,2058.00,PSSV-2025-0701,2025-07-21,2025-12-31
MONTELUCIA,SV,Single Purse Seiner,YSC2001,9232668,34771,91.90,3005.00,PSSV-2025-0395,2025-01-01,2025-12-31
MONTEROCIO,SV,Single Purse Seiner,YSC2002,8919453,32078,78.80,2118.00,PSSV-2025-0396,2025-01-01,2025-12-31
MV HARU,PA,Reefer Carrier,3EHZ8,9241932,35852,120.75,4521.00,RCPA-2025-0034,2025-01-01,2025-12-31
MYLO,PA,Reefer Carrier,HPFK,9278612,36619,120.75,4499.00,RCPA-2024-0685,2024-11-29,2025-11-28
MYOJIN MARU NO.1,JP,Long Liner,7JNG,9668415,37070,56.05,435.00,LLJP-2025-0659,2025-05-08,2025-12-31
NANKAI MARU NO.18,JP,Long Liner,,8345327,32904,16.85,19.94,LLJP-2025-0177,2025-01-01,2025-12-31
NANMADOL,FM,Single Purse Seiner,V6P90,8215493,35788,62.40,1569.00,PSFM-2025-0185,2025-01-01,2025-12-31
NAOERO STAR,NR,Single Purse Seiner,C2AA2,8813477,25023,78.33,1742.00,PSNR-2025-0224,2025-01-01,2025-12-31
NAOERO SUN,NR,Single Purse Seiner,C2AB2,8812203,25007,78.33,1742.00,PSNR-2025-0225,2025-01-01,2025-12-31
NAURU MANZAI 707,NR,Single Purse Seiner,C2DT2,1068669,37392,74.90,1845.00,PSNR-2025-0717,2025-08-21,2025-12-31
NEW CANOE,NR,Single Purse Seiner,C2BB2,9746281,36609,71.79,1350.00,PSNR-2025-0041,2025-01-01,2025-12-31
NEW FAIR DISCOVERY NO.707,TW,Single Purse Seiner,BL2099,9669079,36315,70.59,1280.00,PSTW-2025-0040,2025-01-01,2025-12-31
NEW HARMONY,PA,Bunker,HOOT,9208605,36615,113.98,5373.00,BKPA-2025-0702,2025-08-09,2026-08-08
NEW PROSPERITY,TW,Single Purse Seiner,BL2207,1130163,37385,75.95,1867.00,PSTW-2025-0710,2025-07-30,2025-12-31
NEW SPLENDOR,NR,Single Purse Seiner,C2BD2,9771951,36658,71.79,1350.00,PSNR-2025-0120,2025-01-01,2025-12-31
NEW TAKATSUKI,PA,Reefer Carrier,3EFN9,9015838,35468,120.70,4446.00,RCPA-2025-0295,2025-01-01,2025-12-31
NIUPELALIP NO. 8,PG,Single Purse Seiner,P2V5491,8520185,16469,56.15,1034.00,PSPG-2025-0479,2025-01-01,2025-12-31
NO.1 BARON,PA,Reefer Carrier,3FMM7,8911619,33024,120.70,4457.00,RCPA-2024-0696,2024-11-05,2025-11-04
NO.1 POHAH,PA,Reefer Carrier,3FSS6,8714944,34741,115.90,4261.00,RCPA-2024-0687,2024-12-07,2025-12-06
NO.2 JOCHOH,KR,Reefer Carrier,D7JO,9698343,36584,120.75,4546.00,RCKR-2024-0671,2024-11-12,2025-11-11
NOEL,KR,Bunker,D7AC,9414319,37141,128.87,8625.00,BKKR-2025-0641,2025-04-09,2026-04-08
OCEAN ACE,KR,Single Purse Seiner,DTBQ5,9386665,35454,79.90,1994.00,PSKR-2025-0146,2025-01-01,2025-12-31
OCEAN BOUNTIFUL NO.338,VU,Long Liner,YJXM2,8524545,36234,29.70,98.00,LLVU-2025-0347,2025-01-01,2025-12-31
OCEAN CHALLENGER,NR,Single Purse Seiner,C2BF2,9517264,35679,69.42,1517.00,PSNR-2025-0044,2025-01-01,2025-12-31
OCEAN CONQUEST,NR,Single Purse Seiner,C2BM2,9097343,35612,69.98,1416.00,PSNR-2025-0007,2025-01-01,2025-12-31
OCEAN CRYSTAL,PA,Bunker,HPUG,9116905,36743,180.00,29083.00,BKPA-2025-0667,2025-07-05,2026-07-04
OCEAN ENCOUNTER,NR,Single Purse Seiner,C2BN2,8996281,34939,69.42,1517.00,PSNR-2025-0008,2025-01-01,2025-12-31
OCEAN EXPEDITION,NR,Single Purse Seiner,C2BP2,9097367,35635,69.98,1416.00,PSNR-2025-0005,2025-01-01,2025-12-31
OCEAN GALAXY,NR,Single Purse Seiner,C2BQ2,8996310,35109,69.42,1517.00,PSNR-2025-0006,2025-01-01,2025-12-31
OCEAN MASTER,KR,Single Purse Seiner,6MOU,8812227,24968,78.33,1349.20,PSKR-2025-0147,2025-01-01,2025-12-31
OCEAN SPLENDID,PA,Bunker,3FAF7,9221683,36958,182.50,28539.00,BKPA-2024-0629,2024-08-31,2025-08-30
OCEAN WARRIOR,NR,Single Purse Seiner,C2BG2,9097317,35636,69.42,1517.00,PSNR-2025-0043,2025-01-01,2025-12-31
OCEANS GRACE NO.1,TW,Reefer Carrier,BI2338,8430500,34606,54.85,738.00,RCTW-2025-0622,2025-02-13,2026-02-12
OCEANUS,KR,Reefer Carrier,D7NG,9194919,36182,100.98,3747.00,RCKR-2025-0448,2025-01-01,2025-12-31
ORANGE STREAM,CW,Reefer Carrier,PJDC,9795983,36961,115.11,6088.00,RCCW-2024-0641,2024-09-06,2025-09-05
ORIENTAL MARINE,NR,Single Purse Seiner,C2AP2,9217357,34222,71.23,1099.00,PSNR-2025-0042,2025-01-01,2025-12-31
PACIFIC ENTERPRISE 7,FM,Single Purse Seiner,V6KPE7,66790,37333,74.90,1825.00,PSFM-2025-0663,2025-05-29,2025-12-31
PACIFIC JOURNEY,PA,Reefer Carrier,H3CN,9314612,36655,120.75,4522.00,RCPA-2024-0690,2024-12-06,2025-12-05
PACIFIC JOURNEY NO. 101,FM,Single Purse Seiner,V6KPJ101,9720550,36601,70.80,1408.00,PSFM-2025-0311,2025-01-01,2025-12-31
PACIFIC JOURNEY NO. 8,FM,Single Purse Seiner,V6KPJ8,9720562,36602,70.80,1408.00,PSFM-2025-0267,2025-01-01,2025-12-31
PACIFIC PRINCESS,US,Single Purse Seiner,WDQ2902,7806271,4408,258.50,2110.00,PSUS-2025-0668,2025-06-04,2025-12-31
PACIFIC PURSUIT NO. 107,FM,Single Purse Seiner,V6KPP107,9887073,36975,71.95,1512.00,PSFM-2025-0268,2025-01-01,2025-12-31
PACIFIC PURSUIT NO. 777,FM,Single Purse Seiner,V6KP777,9899595,37003,71.95,1512.00,PSFM-2025-0269,2025-01-01,2025-12-31
PANAMA TUNA,EC,Single Purse Seiner,HC4697,9175028,34379,115.58,4401.00,PSEC-2025-0344,2025-01-01,2025-12-31
PAPA RESTY,PH,Single Purse Seiner,4DFB-8,9729295,36538,71.79,1100.00,PSPH-2025-0176,2025-01-01,2025-12-31
PERSEVERANCE NO. 282,FM,Single Purse Seiner,V63KP282,9966283,37112,74.90,1825.00,PSFM-2025-0271,2025-01-01,2025-12-31
PERSEVERANCE NO. 768,FM,Single Purse Seiner,V63KP768,9966295,37116,74.90,1825.00,PSFM-2025-0270,2025-01-01,2025-12-31
PHAROSTAR,KR,Reefer Carrier,D7PK,9087910,35406,120.75,4490.00,RCKR-2025-0341,2025-01-01,2025-12-31
PING TAI RONG 19,CN,Long Liner,BZ2VT,9655054,36276,44.80,394.00,LLCN-2025-0605,2025-02-07,2025-12-31
PING TAI RONG 25,CN,Long Liner,BZ3VT,9655066,36277,44.80,394.00,LLCN-2025-0606,2025-02-07,2025-12-31
PING TAI RONG 29,CN,Long Liner,BZ4VT,9655078,36278,44.80,394.00,LLCN-2025-0607,2025-02-07,2025-12-31
PINGTAIRONG301,CN,Long Liner,BZW2P,8791502,35961,56.40,657.00,LLCN-2025-0637,2025-04-08,2025-12-31
PINGTAIRONG71,CN,Long Liner,BZ2VV,9689392,36416,49.00,473.00,LLCN-2025-0657,2025-04-29,2025-12-31
PIONEER 38,PA,Bunker,3E2041,9916331,37029,106.75,4564.00,BKPA-2025-0599,2025-02-28,2026-02-27
PRIMROSE 888,PH,Reefer Carrier,DUOZ-2,7046845,34062,90.00,2967.00,RCPH-2025-0483,2025-01-15,2026-01-14
PRINCESS JANICE-168,PH,Single Purse Seiner,DYUW,7930723,35778,49.84,754.00,PSPH-2025-0434,2025-01-01,2025-12-31
PROGRESS 10,CK,Bunker,E5U3586,9213208,36897,113.98,5372.00,BKCK-2025-0084,2025-01-01,2025-12-31
PROSPERITY 12,PA,Bunker,3E3906,9916317,37016,106.75,4564.00,BKPA-2024-0663,2024-11-12,2025-11-11
PURPLE BEAUTY 888,PH,Single Purse Seiner,DUE6131,8648016,17202,56.83,1206.00,PSPH-2025-0484,2025-01-01,2025-12-31
PURPLE LILAC 888,PG,Single Purse Seiner,P2V5408,7820722,36210,76.52,1799.90,PSPG-2025-0482,2025-01-01,2025-12-31
QUEEN ALEXANDRA 959,FM,Single Purse Seiner,V6PQA2,9703253,36478,79.50,1893.00,PSFM-2025-0080,2025-01-01,2025-12-31
QUEEN ANNE 959,FM,Single Purse Seiner,V6PQA959,9268899,34915,70.59,1280.00,PSFM-2025-0081,2025-01-01,2025-12-31
QUEEN ELLICE,TV,Single Purse Seiner,T2FA3,8648494,35834,75.34,1738.00,PSTV-2025-0137,2025-01-01,2025-12-31
QUEEN EVELYN-101,PH,Single Purse Seiner,DUK2237,8747238,32929,70.26,1124.00,PSPH-2025-0435,2025-01-01,2025-12-31
QUEEN ISABELLA 88,FM,Single Purse Seiner,V6PQI88,9803479,36716,70.59,1562.00,PSFM-2025-0082,2025-01-01,2025-12-31
QUEEN JANICE-101,PH,Single Purse Seiner,DYHS,8748567,23416,64.76,995.00,PSPH-2025-0436,2025-01-01,2025-12-31
QUEEN JENNY -138,PH,Single Purse Seiner,4DET-6,8214322,36374,49.70,950.00,PSPH-2025-0437,2025-01-01,2025-12-31
QUEEN JINA - 101,PH,Single Purse Seiner,DUIY,9016545,26898,63.24,1096.00,PSPH-2025-0438,2025-01-01,2025-12-31
QUEEN MARILOU 888,PH,Single Purse Seiner,4DMQ-5,9009736,26575,57.85,1108.00,PSPH-2025-0469,2025-01-01,2025-12-31
QUEEN MARILOU-777,PH,Single Purse Seiner,DUZ-2034,9109342,33068,63.51,1207.00,PSPH-2025-0468,2025-01-01,2025-12-31
RED ROBIN 88,PH,Single Purse Seiner,DUCK,8628614,36080,61.85,1100.00,PSPH-2025-0481,2025-01-01,2025-12-31
RED TULIP 888,PG,Single Purse Seiner,P2V5278,7409267,35724,49.90,1053.02,PSPG-2025-0480,2025-01-01,2025-12-31
RISING NO 18,FJ,Long Liner,3DQE,9657595,36270,42.60,199.00,LLFJ-2025-0445,2025-01-01,2025-12-31
RISING NO 28,FJ,Long Liner,3DQI,9657612,36272,42.60,199.00,LLFJ-2025-0427,2025-01-01,2025-12-31
RISING NO.16,FJ,Long Liner,3DQC,9657583,36269,42.60,199.00,LLFJ-2025-0444,2025-01-01,2025-12-31
RISING NO.8,FJ,Long Liner,3DWG,8748892,36020,39.60,198.00,LLFJ-2025-0428,2025-01-01,2025-12-31
RONG DA YANG 18,CN,Long Liner,BBGA6,9679658,36316,42.60,336.00,LLCN-2025-0511,2025-01-01,2025-12-31
RONG DA YANG 19,CN,Long Liner,BBGA7,9679684,36317,42.60,336.00,LLCN-2025-0411,2025-01-01,2025-12-31
RONG DA YANG 28,CN,Long Liner,BBGA8,9679696,36318,42.60,336.00,LLCN-2025-0412,2025-01-01,2025-12-31
RONG DA YANG 29,CN,Long Liner,BBGA9,9679701,36319,42.60,336.00,LLCN-2025-0413,2025-01-01,2025-12-31
RONGHENG19,CN,Long Liner,BZXD73,9671759,36356,42.60,317.00,LLCN-2025-0613,2025-02-14,2025-12-31
RONGHENG41,CN,Long Liner,BZXD74,9671761,36357,42.60,317.00,LLCN-2025-0614,2025-02-14,2025-12-31
ROSEMONT-888,PH,Reefer Carrier,DUL-6697,8613475,35777,63.25,950.00,RCPH-2025-0660,2025-01-12,2026-01-11
RUN DA 3,CN,Long Liner,BBCH6,8661721,36422,35.16,255.00,LLCN-2025-0408,2025-01-01,2025-12-31
RUN DA 5,CN,Long Liner,BBCH7,9702950,36396,35.16,255.00,LLCN-2025-0409,2025-01-01,2025-12-31
RYOMA,PA,Reefer Carrier,3ELZ5,9133305,35835,113.37,4493.00,RCPA-2025-0141,2025-01-01,2025-12-31
SAJO ALEXANDRIA,KR,Single Purse Seiner,6KCC7,9683635,36526,79.56,1016.00,PSKR-2025-0198,2025-01-01,2025-12-31
SAJO COLUMBIA,KR,Single Purse Seiner,DTBN2,9618379,36321,79.56,1014.00,PSKR-2025-0199,2025-01-01,2025-12-31
SAJO CONCORDIA,KR,Single Purse Seiner,6KMB,9699593,36775,79.90,1105.00,PSKR-2025-0200,2025-01-01,2025-12-31
SAJO FAMILIA,KR,Single Purse Seiner,6KCA3,9619323,36385,79.56,1014.00,PSKR-2025-0201,2025-01-01,2025-12-31
SAJO POSEDONIA,KR,Single Purse Seiner,6KCC5,9683623,36500,79.56,1016.00,PSKR-2025-0202,2025-01-01,2025-12-31
SAJO POTENTIA,KR,Single Purse Seiner,DTBX6,9587063,36003,70.59,1061.00,PSKR-2025-0203,2025-01-01,2025-12-31
SAJO THETISIA,KR,Single Purse Seiner,6KVD,9157466,33518,56.56,777.00,PSKR-2025-0197,2025-01-01,2025-12-31
SALTLAKE,KR,Reefer Carrier,D7MG,8603121,34311,96.78,3437.00,RCKR-2025-0339,2025-01-01,2025-12-31
SAN LAI FA NO.21,TW,Long Liner,BJ4582,8787977,34216,27.00,76.38,LLTW-2025-0298,2025-01-01,2025-12-31
SAN LAI FA NO.26,TW,Long Liner,BG4062,8781222,34257,33.89,139.00,LLTW-2025-0299,2025-01-01,2025-12-31
SAN LIAN FA NO. 1,TW,Long Liner,BJ5062,8781208,36150,24.85,99.63,LLTW-2025-0308,2025-01-01,2025-12-31
SAN LIAN FA NO. 18,TW,Long Liner,BG3845,8781210,36002,30.80,128.00,LLTW-2025-0348,2025-01-01,2025-12-31
SAN SHENG FA,TW,Long Liner,BG4061,8781258,36023,25.30,115.57,LLTW-2025-0300,2025-01-01,2025-12-31
SAN SHENG FA NO. TIEN,TW,Long Liner,BJ4591,8781246,34281,28.29,89.26,LLTW-2025-0309,2025-01-01,2025-12-31
SAN SHENG FA NO.3,TW,Long Liner,BG4071,8781234,34966,132.35,29.04,LLTW-2025-0673,2025-06-27,2025-12-31
SAN ZAI FA NO.15,TW,Long Liner,BG3885,8781272,36004,25.50,110.71,LLTW-2025-0349,2025-01-01,2025-12-31
SAN ZAI FA NO.6,TW,Long Liner,BG4060,8781260,35714,30.70,118.00,LLTW-2025-0297,2025-01-01,2025-12-31
SANWA FONTAINE,KR,Reefer Carrier,D7JZ,8204121,32868,92.21,3260.00,RCPA-2025-0449,2025-01-01,2025-12-31
SEA BLAZER,PA,Reefer Carrier,3ELI9,9057549,36914,121.91,4830.00,RCPA-2025-0653,2025-05-03,2026-05-02
SEA ENCOUNTER,US,Single Purse Seiner,WTF4069,7823360,4283,78.94,1340.00,PSUS-2025-0487,2025-01-01,2025-12-31
SEA FUTURE,PA,Reefer Carrier,3E3544,8860444,37026,133.95,6989.00,RCPA-2025-0553,2025-02-02,2026-02-01
SEA GLORY II,PA,Reefer Carrier,3FKX4,9009695,35613,120.70,4444.00,RCPA-2025-0257,2025-01-01,2025-12-31
SEA PEARL I,PA,Reefer Carrier,H8MF,9008639,36611,120.70,4430.00,RCPA-2025-0410,2025-01-01,2025-12-31
SEA REEFER,PA,Reefer Carrier,3FDD4,9175274,36921,133.80,6971.00,RCPA-2025-0206,2025-01-01,2025-12-31
SEA STAR V,PA,Reefer Carrier,3EYI5,8914221,36010,120.20,4574.00,RCPA-2025-0205,2025-01-01,2025-12-31
SEA TRADER I,PA,Reefer Carrier,HODS,8919893,35904,120.20,4574.00,RCPA-2025-0204,2025-01-01,2025-12-31
SEA WEALTH,PA,Reefer Carrier,3EEV3,9057537,36903,121.90,4830.00,RCPA-2024-0664,2024-10-25,2025-10-24
SEGYERO,KR,Single Purse Seiner,6KCD2,9713973,36575,79.60,1826.00,PSKR-2025-0148,2025-01-01,2025-12-31
SEIN FRONTIER,KR,Reefer Carrier,D7AX,9051789,36738,126.00,6082.00,RCKR-2025-0391,2025-01-01,2025-12-31
SEIN GALAXY,PA,Reefer Carrier,3EYB6,8810645,34664,100.80,3475.00,RCPA-2025-0609,2025-01-28,2026-01-27
SEIN GRACE,PA,Reefer Carrier,3EFA6,8609979,36639,124.70,4963.00,RCPA-2025-0392,2025-01-01,2025-12-31
SEIN HONOR,KR,Reefer Carrier,D7DC,9047257,36564,134.02,7313.00,RCKR-2025-0552,2025-01-19,2026-01-18
SEIN KASAMA,KR,Reefer Carrier,D7GL,9066485,37068,134.02,7329.00,RCKR-2024-0680,2024-11-15,2025-11-14
SEIN PHOENIX,KR,Reefer Carrier,D8SP,9047271,36907,134.02,7326.00,RCKR-2025-0596,2025-02-04,2026-02-03
SEIN PRINCESS,PA,Reefer Carrier,3FTJ4,8609981,36675,124.70,4963.00,RCPA-2025-0393,2025-01-01,2025-12-31
SEIN QUEEN,KR,Reefer Carrier,D7MY,8807430,36543,136.83,5893.00,RCKR-2025-0451,2025-01-13,2026-01-12
SEIN SAPPHIRE,KR,Reefer Carrier,D7JK,9045168,37325,134.02,7303.00,RCKR-2025-0639,2025-04-09,2026-04-08
SEIN SKY,KR,Reefer Carrier,DSRO7,8813623,36483,124.70,5469.00,RCKR-2025-0452,2025-01-13,2026-01-12
SEIN SPRING,KR,Reefer Carrier,DSRO8,8911607,33427,120.70,4429.00,RCKR-2025-0690,2025-07-15,2026-07-14
SEIN TOPAZ,KR,Reefer Carrier,D7NH,9047245,37336,134.02,7313.00,RCKR-2025-0669,2025-06-05,2026-06-04
SEIN VENUS,KR,Reefer Carrier,D7BO,8906808,35907,115.00,5286.00,RCKR-2025-0453,2025-01-13,2026-01-12
SEITA MARU,PA,Reefer Carrier,3E3457,9920435,37046,108.46,4992.00,RCPA-2025-0535,2025-08-23,2026-08-22
SERENA 1,VU,Single Purse Seiner,YJRJ7,9220299,34460,79.89,2031.00,PSVU-2025-0135,2025-01-01,2025-12-31
SERENA 2,VU,Single Purse Seiner,YJUD2,8996102,35122,89.21,2386.00,PSVU-2025-0134,2025-01-01,2025-12-31
SHEN GANG FA 15,CN,Long Liner,BZXD52,9731107,36493,38.85,302.00,LLCN-2025-0398,2025-01-01,2025-12-31
SHEN GANG FA 16,CN,Long Liner,BZXD53,9731119,36494,38.85,302.00,LLCN-2025-0399,2025-01-01,2025-12-31
SHEN GANG FA 17,CN,Long Liner,BZXD54,9731133,36495,38.85,302.00,LLCN-2025-0400,2025-01-01,2025-12-31
SHEN GANG FA 18,CN,Long Liner,BZXD55,9731145,36496,38.85,302.00,LLCN-2025-0401,2025-01-01,2025-12-31
SHEN GANG FA 19,CN,Long Liner,BZXD56,9741463,36506,38.85,302.00,LLCN-2025-0402,2025-01-01,2025-12-31
SHEN GANG FA 715,CN,Long Liner,BZXD62,9741243,36507,38.85,302.00,LLCN-2025-0403,2025-01-01,2025-12-31
SHEN GANG FA 716,CN,Long Liner,BZXD63,9741475,36502,38.85,302.00,LLCN-2025-0404,2025-01-01,2025-12-31
SHEN GANG FA 718,CN,Long Liner,BZXD65,9741487,36504,38.85,302.00,LLCN-2025-0518,2025-01-01,2025-12-31
SHEN GANG FA 719,CN,Long Liner,BZXD66,9741499,36505,38.85,302.00,LLCN-2025-0405,2025-01-01,2025-12-31
SHEN GANG FA 720,CN,Long Liner,BZXD69,9787209,36685,38.85,302.00,LLCN-2025-0406,2025-01-01,2025-12-31
SHEN LIAN CHENG 601,CN,Long Liner,BZXC7,9990492,37100,24.10,138.00,LLCN-2025-0379,2025-01-01,2025-12-31
SHEN LIAN CHENG 602,CN,Long Liner,BZXC13,1076680,37225,26.00,150.00,LLCN-2025-0528,2025-01-03,2025-12-31
SHEN LIAN CHENG 710,CN,Long Liner,BZXC15,8655344,35516,25.31,117.00,LLCN-2025-0367,2025-01-01,2025-12-31
SHEN LIAN CHENG 760,CN,Long Liner,BZXC32,8655150,36212,30.24,194.00,LLCN-2025-0368,2025-01-01,2025-12-31
SHEN LIAN CHENG 761,CN,Long Liner,BZXC33,8655162,36208,30.24,194.00,LLCN-2025-0369,2025-01-01,2025-12-31
SHEN LIAN CHENG 781,CN,Long Liner,BZXV2,9821902,36769,30.42,149.00,LLCN-2025-0370,2025-01-01,2025-12-31
SHEN LIAN CHENG 782,CN,Long Liner,BZXV3,9821914,36770,30.42,149.00,LLCN-2025-0371,2025-01-01,2025-12-31
SHEN LIAN CHENG 783,CN,Long Liner,BZXE2,9864722,36839,30.46,159.00,LLCN-2025-0372,2025-01-01,2025-12-31
SHEN LIAN CHENG 784,CN,Long Liner,BZXE3,9873589,36860,30.46,159.00,LLCN-2025-0373,2025-01-01,2025-12-31
SHEN LIAN CHENG 785,CN,Long Liner,BZXE4,9873591,36863,30.46,159.00,LLCN-2025-0374,2025-01-01,2025-12-31
SHEN LIAN CHENG 786,CN,Long Liner,BZXE5,9873606,36861,30.46,159.00,LLCN-2025-0375,2025-01-01,2025-12-31
SHEN LIAN CHENG 787,CN,Long Liner,BZXC12,9896555,36928,30.46,157.00,LLCN-2025-0377,2025-01-01,2025-12-31
SHEN LIAN CHENG 788,CN,Long Liner,BZXC5,9896581,36929,30.46,157.00,LLCN-2025-0376,2025-01-01,2025-12-31
SHEN LIAN CHENG 791,CN,Long Liner,BZW9M,9829966,36776,21.08,107.00,LLCN-2025-0380,2025-01-01,2025-12-31
SHEN LIAN CHENG 792,CN,Long Liner,BZW1N,9829978,36777,21.08,107.00,LLCN-2025-0381,2025-01-01,2025-12-31
SHEN LIAN CHENG 793,CN,Long Liner,BZUO8,9857755,36820,21.08,107.00,LLCN-2025-0382,2025-01-01,2025-12-31
SHEN LIAN CHENG 796,CN,Long Liner,BZUX,9870903,36851,21.08,107.00,LLCN-2025-0383,2025-01-01,2025-12-31
SHEN LIAN CHENG 797,CN,Long Liner,BZUX2,9870915,36852,21.08,107.00,LLCN-2025-0384,2025-01-01,2025-12-31
SHEN LIAN CHENG 881,CN,Long Liner,BZXD92,8663133,36498,38.15,296.00,LLCN-2025-0519,2025-01-01,2025-12-31
SHEN LIAN CHENG 882,CN,Long Liner,BZXD93,8663145,36499,38.15,296.00,LLCN-2025-0249,2025-01-01,2025-12-31
SHEN LIAN CHENG 883,CN,Long Liner,BZXD94,8663157,36512,38.15,296.00,LLCN-2025-0520,2025-01-01,2025-12-31
SHEN LIAN CHENG 884,CN,Long Liner,BZXD95,9718313,36513,38.15,296.00,LLCN-2025-0250,2025-01-01,2025-12-31
SHEN LIAN CHENG 885,CN,Long Liner,BZXD96,9718325,36514,38.15,296.00,LLCN-2025-0248,2025-01-01,2025-12-31
SHENLIANCHENG603,CN,Long Liner,BZXC14,1076707,37240,26.00,150.00,LLCN-2025-0529,2025-01-03,2025-12-31
SHENLIANCHENG790,CN,Long Liner,BZXC23,9987940,37101,24.10,138.00,LLCN-2025-0378,2025-01-01,2025-12-31
SHILLA CHALLENGER,KR,Single Purse Seiner,6MET,8813489,26377,78.33,1349.20,PSKR-2025-0217,2025-01-01,2025-12-31
SHILLA EXPLORER,KR,Single Purse Seiner,6MPH,9699567,36608,79.90,2060.00,PSKR-2025-0218,2025-01-01,2025-12-31
SHILLA HARVESTER,KR,Single Purse Seiner,6KCA5,9634919,36264,79.90,1971.00,PSKR-2025-0219,2025-01-01,2025-12-31
SHILLA JUPITER,KR,Single Purse Seiner,DTBE8,9199220,34637,78.96,780.00,PSKR-2025-0220,2025-01-01,2025-12-31
SHILLA PIONEER,KR,Single Purse Seiner,6MSQ,9699579,36613,79.90,2060.00,PSKR-2025-0221,2025-01-01,2025-12-31
SHILLA SPRINTER,KR,Single Purse Seiner,6KCB4,9634945,36297,79.90,1971.00,PSKR-2025-0216,2025-01-01,2025-12-31
SHIN FUJI,PA,Reefer Carrier,HPEF,9140281,36207,99.50,3822.00,RCPA-2025-0442,2025-01-01,2025-12-31
SHIN HO CHUN NO. 101,PA,Reefer Carrier,3FRF9,9220653,35403,95.20,2495.00,RCPA-2025-0636,2025-05-04,2026-05-03
SHIN HO CHUN NO. 102,PA,Reefer Carrier,3FEQ5,9262182,35392,95.20,2900.00,RCPA-2025-0642,2025-04-21,2026-04-20
SHIN IZU,PA,Reefer Carrier,3EYX6,9186936,34118,95.92,2781.00,RCPA-2025-0443,2025-01-01,2025-12-31
SHOEI MARU NO.123,JP,Long Liner,7JOL,9671735,36787,57.10,439.00,LLJP-2025-0231,2025-01-01,2025-12-31
SHOEI MARU NO.7,JP,Long Liner,JQTN,9120023,36969,57.43,410.00,LLJP-2025-0256,2025-01-01,2025-12-31
SHOFUKU MARU NO.18,JP,Long Liner,7JQU,9709843,37239,57.36,439.00,LLJP-2025-0580,2025-01-27,2025-12-31
SHOFUKU MARU NO.8,JP,Long Liner,JCNJ,9254123,36944,56.17,409.00,LLJP-2025-0486,2025-01-01,2025-12-31
SHOKI MARU NO.31,JP,Long Liner,JP0N1290,9909637,36948,22.00,19.00,LLJP-2025-0156,2025-01-01,2025-12-31
SHOKI MARU NO.36,JP,Single Purse Seiner,JIKD,9066306,30775,63.51,1093.00,PSJP-2025-0154,2025-01-01,2025-12-31
SHOKI MARU NO.8,JP,Long Liner,,8345303,35655,20.00,19.00,LLJP-2025-0155,2025-01-01,2025-12-31
SHOUN MARU NO.1,JP,Long Liner,7KGL,9890771,36971,49.99,687.00,LLJP-2025-0213,2025-01-01,2025-12-31
SHOYU MARU NO.18,JP,Single Purse Seiner,7JTE,9746657,36644,79.61,1788.00,PSJP-2025-0073,2025-01-01,2025-12-31
SHUN FA 8,CN,Single Purse Seiner,BZU6K,9289221,35060,70.59,1280.00,PSCN-2025-0087,2025-01-01,2025-12-31
SIMBUN 88,NR,Single Purse Seiner,C2AT2,9745469,36617,70.59,1562.00,PSNR-2025-0124,2025-01-01,2025-12-31
SKIPJACK MANZAI 707,NR,Single Purse Seiner,C2DS2,1067744,37335,74.90,1845.00,PSNR-2025-0674,2025-06-27,2025-12-31
SLC 722,FM,Long Liner,V6P722,8744884,35639,26.00,129.00,LLFM-2025-0322,2025-01-01,2025-12-31
SLC 723,FM,Long Liner,V6P723,8744896,35640,26.00,129.00,LLFM-2025-0323,2025-01-01,2025-12-31
SOHOH,KR,Reefer Carrier,DSQS6,9209245,34265,120.75,4519.00,RCKR-2024-0670,2024-11-15,2025-11-14
SOKEHS,FM,Single Purse Seiner,V6PSKS,7827469,4333,69.45,1494.00,PSFM-2025-0186,2025-01-01,2025-12-31
SOLOMON AMBER,SB,Single Purse Seiner,H4HE,8748361,37367,49.95,891.00,PSSB-2025-0707,2025-07-29,2025-12-31
SOLOMON EMERALD,SB,Single Purse Seiner,H4NF,9212292,35620,46.00,718.90,PSSB-2025-0096,2025-01-01,2025-12-31
SOLOMON JADE,SB,Single Purse Seiner,H4AB,9211183,35918,46.00,718.90,PSSB-2025-0097,2025-01-01,2025-12-31
SOLOMON OPAL,SB,Single Purse Seiner,H4AL,9212319,35957,46.00,718.90,PSSB-2025-0098,2025-01-01,2025-12-31
SOLOMON PEARL,SB,Single Purse Seiner,H4NK,9211171,35611,46.00,718.90,PSSB-2025-0099,2025-01-01,2025-12-31
SOLOMON RUBY,SB,Single Purse Seiner,H4AM,9212307,35917,46.00,718.90,PSSB-2025-0095,2025-01-01,2025-12-31
SOPHIA MARTINA,PH,Single Purse Seiner,4DFC6,8748696,17889,64.70,995.00,PSPH-2025-0173,2025-01-01,2025-12-31
SOUTHERN SEAS NO. 301,SB,Single Purse Seiner,H4SR,9764415,36704,70.80,1408.00,PSSB-2025-0011,2025-01-01,2025-12-31
SOUTHERN SEAS NO. 302,SB,Single Purse Seiner,H4ST,9764427,36708,70.80,1408.00,PSSB-2025-0010,2025-01-01,2025-12-31
SOUTHERN SEAS NO. 303,SB,Single Purse Seiner,H4SU,9764439,36709,70.80,1408.00,PSSB-2025-0012,2025-01-01,2025-12-31
SUAH,PA,Reefer Carrier,HOZZ,9000376,36336,120.70,4444.00,RCPA-2024-0684,2024-11-28,2025-11-27
SUN FLOWER 7,KR,Reefer Carrier,DSPI5,8513871,34237,92.23,3244.00,RCKR-2025-0338,2025-01-01,2025-12-31
SUNFLOWER 8,PH,Single Purse Seiner,DUE 6209,8648028,22814,56.64,995.00,PSPH-2025-0537,2025-01-06,2025-12-31
SYOTA MARU,PA,Reefer Carrier,H9NZ,9087908,35372,120.75,4491.00,RCPA-2025-0534,2025-08-11,2026-08-10
TAI FU NO.3,PA,Reefer Carrier,H3AI,7927453,33069,99.60,3513.00,RCPA-2025-0140,2025-01-01,2025-12-31
TAI JI,PA,Reefer Carrier,3FYZ6,8804244,36387,124.70,4970.00,RCPA-2025-0463,2025-01-01,2025-12-31
TAI LONG 7,CN,Single Purse Seiner,BZYD7,9947938,37092,76.73,1850.00,PSCN-2025-0115,2025-01-01,2025-12-31
TAI LONG 9,CN,Single Purse Seiner,BZYD9,9947940,37093,76.73,1850.00,PSCN-2025-0116,2025-01-01,2025-12-31
TAIKEI MARU NO.1,JP,Single Purse Seiner,JRTG,9037953,28399,72.86,1440.00,PSJP-2025-0025,2025-01-01,2025-12-31
TAINA,TV,Single Purse Seiner,T2BX5,8102921,4705,76.06,1617.00,PSTV-2025-0226,2025-01-01,2025-12-31
TAIYO CHUUK,FM,Single Purse Seiner,V6PTC,9567465,35978,79.61,1788.00,PSFM-2025-0178,2025-01-01,2025-12-31
TAIYO MARU NO.2,JP,Single Purse Seiner,7KJA,9565364,36541,69.92,1359.00,PSJP-2025-0026,2025-01-01,2025-12-31
TAIYO POHNPEI,FM,Single Purse Seiner,V6PTP,8603755,35165,79.35,1788.00,PSFM-2025-0179,2025-01-01,2025-12-31
TAIYO WAAB,FM,Single Purse Seiner,V6PTW,9234173,34464,65.02,1096.00,PSFM-2025-0180,2025-01-01,2025-12-31
TATSU MARU NO.68,JP,Long Liner,JCGP,8944147,34239,57.24,660.00,LLJP-2025-0208,2025-01-01,2025-12-31
TEMANIM 01,KI,Long Liner,T3FV,9963176,37058,27.68,133.00,LLKI-2025-0234,2025-01-01,2025-12-31
TEMANIM 02,KI,Long Liner,T3FW,9963188,37059,27.68,133.00,LLKI-2025-0235,2025-01-01,2025-12-31
TEMANIM 03,KI,Long Liner,T3FX,9963190,37060,27.68,133.00,LLKI-2025-0236,2025-01-01,2025-12-31
TERAAKA,KR,Single Purse Seiner,6KAK,9743423,36711,79.60,1811.00,PSKR-2025-0192,2025-01-01,2025-12-31
TIARA 108,PA,Reefer Carrier,3FQH9,8420763,35836,109.00,4361.00,RCPA-2025-0182,2025-01-01,2025-12-31
TOBIAS MIGUEL,PH,Single Purse Seiner,4DFC-7,8748658,27714,69.26,1092.00,PSPH-2025-0165,2025-01-01,2025-12-31
TOKIWA MARU NO.18,JP,Single Purse Seiner,JJHJ,9031923,27433,63.24,1096.00,PSJP-2025-0074,2025-01-01,2025-12-31
TOKIWA MARU NO.28,JP,Single Purse Seiner,JKRN,9195028,34053,63.24,1095.00,PSJP-2025-0075,2025-01-01,2025-12-31
TOKIWA MARU NO.38,JP,Single Purse Seiner,7KFE,9874959,36918,79.61,1788.00,PSJP-2025-0076,2025-01-01,2025-12-31
TOMO MARU NO.33,JP,Long Liner,,1031800,37117,20.00,19.00,LLJP-2025-0161,2025-01-01,2025-12-31
TUNA MANZAI 707,NR,Single Purse Seiner,C2DU2,1068607,37391,74.90,1845.00,PSNR-2025-0716,2025-08-21,2025-12-31
TUNA PRINCESS,PA,Reefer Carrier,3E2595,9940708,37098,121.00,4902.00,RCPA-2025-0585,2025-01-29,2026-01-28
ULTRA ENERGY,PA,Bunker,3E2096,9184031,37079,107.90,5404.00,BKPA-2024-0688,2024-12-13,2025-12-12
UNAAK,MH,Single Purse Seiner,V7A2097,9784489,36854,75.34,1789.00,PSMH-2025-0104,2025-01-01,2025-12-31
VANDA 888,PH,Reefer Carrier,DYDH,7322471,30056,91.50,2219.00,RCPH-2025-0475,2025-01-15,2026-01-14
VEERA,PH,Single Purse Seiner,4DME-6,9009748,26880,56.37,673.00,PSPH-2025-0471,2025-01-01,2025-12-31
VIVA BEAR 707,PG,Single Purse Seiner,P2V5812,9400265,35521,75.97,1779.00,PSPG-2025-0103,2025-01-01,2025-12-31
VIVA EAGLE 707,PG,Single Purse Seiner,P2V5805,8974398,35025,79.89,2248.00,PSPG-2025-0100,2025-01-01,2025-12-31
VIVA FAFA NO.707,TW,Single Purse Seiner,BEBT,9035254,28589,78.25,1760.00,PSTW-2025-0131,2025-01-01,2025-12-31
VIVA GOGO 707,VU,Single Purse Seiner,YJRJ6,9220287,34312,79.89,2248.00,PSVU-2025-0015,2025-01-01,2025-12-31
VIVA LION 707,PG,Single Purse Seiner,P2V5806,9556674,35768,74.80,1691.00,PSPG-2025-0102,2025-01-01,2025-12-31
VIVA WANTWANT 707,PG,Single Purse Seiner,P2V5815,9294628,35066,79.89,2248.00,PSPG-2025-0101,2025-01-01,2025-12-31
VOLTA VICTORY,PA,Reefer Carrier,3FYS4,9140102,37005,91.48,2716.00,RCPA-2025-0671,2025-06-26,2026-06-25
WAKABA MARU NO.11,JP,Single Purse Seiner,7KKY,9951214,37054,79.61,1788.00,PSJP-2025-0036,2025-01-01,2025-12-31
WAKABA MARU NO.5,JP,Single Purse Seiner,JHRG,9281097,35072,64.07,1183.00,PSJP-2025-0037,2025-01-01,2025-12-31
WAKABA MARU NO.6,JP,Single Purse Seiner,JFRJ,9062635,30106,63.24,1096.00,PSJP-2025-0038,2025-01-01,2025-12-31
WAKABA MARU NO.7,JP,Single Purse Seiner,7JFV,9524865,35889,79.61,1788.00,PSJP-2025-0039,2025-01-01,2025-12-31
WEBO 307,PA,Reefer Carrier,3ETB8,9035072,36593,126.00,6082.00,RCPA-2025-0181,2025-01-01,2025-12-31
WESTERN PACIFIC,US,Single Purse Seiner,WDD-5296,7508893,4341,89.21,2024.00,PSUS-2025-0190,2025-01-01,2025-12-31
WIN BEST 707,VU,Single Purse Seiner,YJWG3,8996293,34957,70.59,1280.00,PSVU-2025-0009,2025-01-01,2025-12-31
WIN FAR NO.618,TW,Single Purse Seiner,BL2152,9922354,36976,74.95,1834.00,PSTW-2025-0685,2025-07-01,2025-12-31
WIN FAR NO.626,TW,Single Purse Seiner,BEAB,8747240,27359,65.70,1098.00,PSTW-2025-0686,2025-07-01,2025-12-31
WIN FAR NO.628,TW,Single Purse Seiner,BL2175,8597669,37090,74.95,1834.00,PSTW-2025-0687,2025-07-01,2025-12-31
WIN FAR NO.636,TW,Single Purse Seiner,BL2039,8747252,27888,65.80,1098.00,PSTW-2025-0688,2025-07-01,2025-12-31
WIN FOREVER NO.707,TW,Single Purse Seiner,BL2131,9870862,36841,74.80,1818.00,PSTW-2025-0016,2025-01-01,2025-12-31
WIN HARVEST 707,VU,Single Purse Seiner,YJWG4,9215000,34286,69.45,1217.00,PSVU-2025-0029,2025-01-01,2025-12-31
WIN HOPE 707,VU,Single Purse Seiner,YJWX7,9945368,37011,79.90,1968.00,PSVU-2025-0013,2025-01-01,2025-12-31
WIN POWER NO.707,TW,Single Purse Seiner,BL2160,1024118,37114,78.86,1983.00,PSTW-2025-0032,2025-01-01,2025-12-31
WIN RICH NO.707,TW,Single Purse Seiner,BL2132,9868637,36850,74.71,1668.00,PSTW-2025-0033,2025-01-01,2025-12-31
WIN THAISHUN NO.707,TW,Single Purse Seiner,BL2097,8749236,36071,71.79,1416.00,PSTW-2025-0030,2025-01-01,2025-12-31
WIN WIN 707,VU,Single Purse Seiner,YJTV8,9887449,36905,74.71,1688.00,PSVU-2025-0014,2025-01-01,2025-12-31
WOOJIN CHEMI,KR,Bunker,D7JN,9272814,37020,119.98,5347.00,BKKR-2024-0691,2024-12-17,2025-12-16
XIANG FA 8,CN,Single Purse Seiner,BZU7K,8996279,34815,70.59,1284.00,PSCN-2025-0088,2025-01-01,2025-12-31
XIN SHI JI 111,CN,Single Purse Seiner,BZV4N,9781645,36678,75.34,1813.00,PSCN-2025-0089,2025-01-01,2025-12-31
XIN SHI JI 112,CN,Single Purse Seiner,BZV5N,9774020,36651,75.34,1813.00,PSCN-2025-0090,2025-01-01,2025-12-31
XIN SHI JI 157,CN,Long Liner,BZ9VX,8672213,36527,49.80,496.00,LLCN-2025-0228,2025-01-01,2025-12-31
XIN SHI JI 158,CN,Long Liner,BZ1VY,8672225,36528,49.80,496.00,LLCN-2025-0227,2025-01-01,2025-12-31
XIN SHI JI 201,CN,Long Liner,BZ1VS,9663570,36299,40.13,396.00,LLCN-2025-0385,2025-01-01,2025-12-31
XIN SHI JI 202,CN,Long Liner,BZ2VS,9663582,36300,40.13,396.00,LLCN-2025-0386,2025-01-01,2025-12-31
XIN SHI JI 203,CN,Long Liner,BZ3VS,9663594,36301,44.48,396.00,LLCN-2025-0387,2025-01-01,2025-12-31
XIN SHI JI 205,CN,Long Liner,BZ4VS,9663609,36302,44.48,396.00,LLCN-2025-0388,2025-01-01,2025-12-31
XIN SHI JI 206,CN,Long Liner,BZ5VS,9663611,36303,44.48,396.00,LLCN-2025-0389,2025-01-01,2025-12-31
XIN SHI JI 207,CN,Long Liner,BZV7M,9775866,36733,44.90,461.00,LLCN-2025-0571,2025-01-21,2025-12-31
XIN SHI JI 208,CN,Long Liner,BZV8M,9775878,36734,44.90,461.00,LLCN-2025-0572,2025-01-21,2025-12-31
XIN SHI JI 209,CN,Long Liner,BZV9M,9775880,36735,44.90,461.00,LLCN-2025-0573,2025-01-21,2025-12-31
XIN SHI JI 210,CN,Long Liner,BZV1N,9775892,36736,44.90,461.00,LLCN-2025-0574,2025-01-21,2025-12-31
XIN SHI JI 215,CN,Long Liner,BZ2VY,9727481,36762,45.00,462.00,LLCN-2025-0501,2025-01-01,2025-12-31
XIN SHI JI 216,CN,Long Liner,BZ3VY,8672237,36728,41.00,462.00,LLCN-2025-0390,2025-01-01,2025-12-31
XIN SHI JI 36,CN,Long Liner,BZUU2,9971161,37056,50.54,556.00,LLCN-2025-0310,2025-01-01,2025-12-31
XIN SHI JI 37,CN,Long Liner,BZUY8,8653463,35828,56.50,497.00,LLCN-2025-0555,2025-01-13,2025-12-31
XIN SHI JI 62,CN,Long Liner,BZUD,9890018,36920,63.17,888.00,LLCN-2025-0352,2025-01-01,2025-12-31
XIN SHI JI 65,CN,Long Liner,BZUD3,9863778,36838,63.17,888.00,LLCN-2025-0353,2025-01-01,2025-12-31
XIN SHI JI 66,CN,Long Liner,BZUD4,9863780,36837,63.17,888.00,LLCN-2025-0354,2025-01-01,2025-12-31
XIN SHI JI 7,CN,Long Liner,BZUS5,8651233,35319,48.60,497.00,LLCN-2025-0194,2025-01-01,2025-12-31
XIN SHI JI 70,CN,Long Liner,BZVY9,8653475,35614,56.50,634.00,LLCN-2025-0355,2025-01-01,2025-12-31
XIN SHI JI 71,CN,Long Liner,BZVZ2,8653487,35646,56.50,634.00,LLCN-2025-0356,2025-01-01,2025-12-31
XIN SHI JI 73,CN,Long Liner,BZVZ4,8649462,35615,56.50,634.00,LLCN-2025-0357,2025-01-01,2025-12-31
XIN SHI JI 75,CN,Long Liner,BZVZ5,8649474,35616,56.50,634.00,LLCN-2025-0358,2025-01-01,2025-12-31
XIN SHI JI 77,CN,Long Liner,BZVZ7,8653516,35631,56.50,634.00,LLCN-2025-0359,2025-01-01,2025-12-31
XIN SHI JI 78,CN,Long Liner,BZVZ8,8653528,35617,56.50,634.00,LLCN-2025-0551,2025-01-10,2025-12-31
XIN SHI JI 79,CN,Long Liner,BZVZ9,8653530,35618,56.50,634.00,LLCN-2025-0360,2025-01-01,2025-12-31
XIN SHI JI 80,CN,Long Liner,BZVY3,8670033,36219,56.50,634.00,LLCN-2025-0361,2025-01-01,2025-12-31
XIN SHI JI 81,CN,Long Liner,BZVY4,8670045,36220,56.50,634.00,LLCN-2025-0556,2025-01-13,2025-12-31
XIN SHI JI 82,CN,Long Liner,BZVY5,8653542,35829,56.50,634.00,LLCN-2025-0557,2025-01-13,2025-12-31
XIN SHI JI 83,CN,Long Liner,BZVY6,8670057,36221,56.50,634.00,LLCN-2025-0558,2025-01-13,2025-12-31
XIN SHI JI 87,CN,Long Liner,BZUZ5,8651271,35299,48.60,497.00,LLCN-2025-0195,2025-01-01,2025-12-31
XIN SHI JI NO.17,CN,Long Liner,BZUT4,8651269,36114,56.40,497.00,LLCN-2025-0196,2025-01-01,2025-12-31
XIN SHI JI NO.67,CN,Long Liner,BZUZ4,8672524,37227,56.40,497.00,LLCN-2025-0366,2025-01-01,2025-12-31
XIN XIANG LI 56,CN,Reefer Carrier,BPPF3,1041166,,143.49,9337.00,RCCN-2025-0713,2025-08-12,2026-08-11
YAHATA MARU NO.5,JP,Long Liner,7JMJ,9658549,36867,57.10,439.00,LLJP-2025-0209,2025-01-01,2025-12-31
YAHATA MARU NO.68,JP,Long Liner,JQCA,9020754,34441,56.90,435.00,LLJP-2025-0233,2025-01-01,2025-12-31
YI FENG RUN 6,CN,Bunker,BPGQ5,9598543,,105.83,5098.00,BKCN-2025-0711,2025-07-30,2026-07-29
YI SIANG NO.1,TW,Long Liner,BG3975,8525795,36448,24.95,122.17,LLTW-2025-0312,2025-01-01,2025-12-31
YI SIANG NO.128,TW,Long Liner,BH3460,9783021,37142,38.00,278.00,LLTW-2025-0262,2025-01-01,2025-12-31
YI SIANG NO.168,TW,Long Liner,BG3862,1015002,37115,33.00,197.00,LLTW-2025-0263,2025-01-01,2025-12-31
YI SIANG NO.6,TW,Long Liner,BJ5031,8525812,35962,23.90,95.98,LLTW-2025-0264,2025-01-01,2025-12-31
YI SIANG NO.8,TW,Long Liner,BG4046,8525824,36401,25.45,112.65,LLTW-2025-0610,2025-02-13,2025-12-31
YOUTA MARU,PA,Reefer Carrier,HOA5303,9920423,37031,108.46,4992.00,RCPA-2024-0490,2024-09-16,2025-09-15
YU HSIANG NO.7,VU,Long Liner,YJWL5,9856347,36874,51.80,390.00,LLVU-2025-0661,2025-05-26,2025-12-31
YU HSIANG NO.8,VU,Long Liner,YJWL4,9856505,36873,51.80,390.00,LLVU-2025-0662,2025-05-29,2025-12-31
YUAN LONG,TW,Long Liner,BH3555,9990222,37094,41.38,393.00,LLCN-2025-0251,2025-01-01,2025-12-31
YUHO MARU NO.38,JP,Long Liner,NOT APPLICABLE,8345341,36825,21.00,19.00,LLJP-2025-0160,2025-01-01,2025-12-31
YUN RUN,KI,Reefer Carrier,T3FN2,9003756,34892,116.20,4287.00,RCKI-2025-0507,2025-01-16,2026-01-15
YUN RUN 1,NR,Reefer Carrier,C2CN2,8815023,33560,115.80,4189.00,RCNR-2025-0620,2025-03-06,2026-03-05
YUN RUN 3,NR,Reefer Carrier,C2CP2,9161613,36169,91.48,2713.00,RCNR-2025-0508,2025-01-09,2026-01-08
YUN RUN 7,PA,Reefer Carrier,3END6,9011038,36696,119.55,5617.00,RCPA-2025-0509,2025-02-28,2026-02-27
ZHONG SHUI 701,CN,Long Liner,BZZZ5,8628901,35732,36.60,191.00,LLCN-2025-0283,2025-01-01,2025-12-31
ZHONG SHUI 702,CN,Long Liner,BZZZ6,8628913,35733,32.70,193.00,LLCN-2025-0284,2025-01-01,2025-12-31
ZHONG SHUI 703,CN,Long Liner,BZZZ7,8628925,35742,36.60,191.00,LLCN-2025-0285,2025-01-01,2025-12-31
ZHONG SHUI 704,CN,Long Liner,BZZZ8,8628949,35743,36.60,193.00,LLCN-2025-0286,2025-01-01,2025-12-31
ZHONG SHUI 705,CN,Long Liner,BZZZ9,8628951,35744,32.70,191.00,LLCN-2025-0287,2025-01-01,2025-12-31
ZHONG SHUI 706,CN,Long Liner,BZZY3,8628963,35745,32.70,191.00,LLCN-2025-0288,2025-01-01,2025-12-31
ZHONG SHUI 707,CN,Long Liner,BZZR6,8628937,35929,37.60,199.00,LLCN-2025-0456,2025-01-01,2025-12-31
ZHONG SHUI 708,CN,Long Liner,BZZR7,8628975,35930,37.60,199.00,LLCN-2025-0289,2025-01-01,2025-12-31
ZHONG SHUI 709,CN,Long Liner,BZZR8,8628987,35934,37.60,199.00,LLCN-2025-0457,2025-01-01,2025-12-31
ZHONG SHUI 710,CN,Long Liner,BZZR9,8628999,35932,37.60,199.00,LLCN-2025-0282,2025-01-01,2025-12-31
ZHONG SHUI 711,CN,Long Liner,BZSI6,8653592,36255,35.50,255.00,LLCN-2025-0054,2025-01-01,2025-12-31
ZHONG SHUI 712,CN,Long Liner,BZSI7,8653607,36256,35.50,255.00,LLCN-2025-0055,2025-01-01,2025-12-31
ZHONG SHUI 717,CN,Long Liner,BZTK2,9686089,36390,36.52,270.00,LLCN-2025-0056,2025-01-01,2025-12-31
ZHONG SHUI 718,CN,Long Liner,BZYZ2,9865257,36843,34.63,215.00,LLCN-2025-0057,2025-01-01,2025-12-31
ZHONG SHUI 727,CN,Long Liner,BZTK3,9686091,36391,36.52,270.00,LLCN-2025-0058,2025-01-01,2025-12-31
ZHONG SHUI 728,CN,Long Liner,BZYZ3,9865269,36844,34.63,215.00,LLCN-2025-0059,2025-01-01,2025-12-31
ZHONG SHUI 737,CN,Long Liner,BZTK4,9686106,36392,36.52,270.00,LLCN-2025-0060,2025-01-01,2025-12-31
ZHONG SHUI 738,CN,Long Liner,BZYZ4,9865271,36845,34.63,215.00,LLCN-2025-0061,2025-01-01,2025-12-31
ZHONG SHUI 747,CN,Long Liner,BZTK5,9686118,36393,36.52,270.00,LLCN-2025-0062,2025-01-01,2025-12-31
ZHONG SHUI 748,CN,Long Liner,BZYZ5,9865283,36846,34.63,215.00,LLCN-2025-0490,2025-01-01,2025-12-31
ZHONG SHUI 757,CN,Long Liner,BZTK6,9686120,36394,36.52,270.00,LLCN-2025-0064,2025-01-01,2025-12-31
ZHONG SHUI 758,CN,Long Liner,BZYZ6,9865295,36847,34.63,215.00,LLCN-2025-0491,2025-01-01,2025-12-31
ZHONG SHUI 767,CN,Long Liner,BZTK7,9686132,36395,36.52,270.00,LLCN-2025-0066,2025-01-01,2025-12-31
ZHONG SHUI 777,CN,Long Liner,BZYQ2,9910026,36962,36.54,289.00,LLCN-2025-0067,2025-01-01,2025-12-31
ZHONG SHUI 787,CN,Long Liner,BZYQ3,9910038,36963,36.54,289.00,LLCN-2025-0069,2025-01-01,2025-12-31
ZHONG SHUI 797,CN,Long Liner,BZYQ4,9910040,36964,36.54,289.00,LLCN-2025-0072,2025-01-01,2025-12-31
ZHONG SHUI 805,CN,Long Liner,BZYJ2,8629008,36093,37.60,223.00,LLCN-2025-0053,2025-01-01,2025-12-31
ZHONG SHUI 806,CN,Long Liner,BZYJ3,8629010,36094,37.60,223.00,LLCN-2025-0071,2025-01-01,2025-12-31
ZHONG SHUI 807,CN,Long Liner,BZYJ4,8629022,36115,33.74,223.00,LLCN-2025-0070,2025-01-01,2025-12-31
ZHONG SHUI 808,CN,Long Liner,BZYJ5,8629034,36116,33.74,223.00,LLCN-2025-0068,2025-01-01,2025-12-31
ZHONG SHUI 809,CN,Long Liner,BZYJ6,8629046,36120,33.74,223.00,LLCN-2025-0065,2025-01-01,2025-12-31
ZHONG SHUI 810,CN,Long Liner,BZYJ7,8629058,36117,33.74,223.00,LLCN-2025-0121,2025-01-01,2025-12-31
ZHONG SHUI 811,CN,Long Liner,BZSI8,8653619,36257,35.50,255.00,LLCN-2025-0063,2025-01-01,2025-12-31
ZHONG SHUI 812,CN,Long Liner,BZSI9,8653621,36258,35.50,255.00,LLCN-2025-0052,2025-01-01,2025-12-31
ZHONG SHUI 917,CN,Long Liner,BZZA,1077438,37230,37.41,313.00,LLCN-2025-0492,2025-01-01,2025-12-31
ZHONG SHUI 927,CN,Long Liner,BZZA2,1077440,37231,37.41,313.00,LLCN-2025-0493,2025-01-01,2025-12-31
ZHONG SHUI 937,CN,Long Liner,BZZA3,1077452,37232,37.41,313.00,LLCN-2025-0494,2025-01-01,2025-12-31
ZHONG SHUI 947,CN,Long Liner,BZZA4,1077464,37233,37.41,313.00,LLCN-2025-0495,2025-01-01,2025-12-31
ZHONG SHUI 957,CN,Long Liner,BZZA5,1077476,37234,37.41,313.00,LLCN-2025-0489,2025-01-01,2025-12-31
ZHONG TAI 6,CN,Single Purse Seiner,BZZW9,9891218,36987,76.73,1850.00,PSCN-2025-0187,2025-01-01,2025-12-31
ZHONG TAI 7,CN,Single Purse Seiner,BZZW4,9891220,36988,76.73,1850.00,PSCN-2025-0188,2025-01-01,2025-12-31
ZHONG TAI NO.3,CN,Single Purse Seiner,BZZY8,9261528,34810,70.59,1284.00,PSCN-2025-0189,2025-01-01,2025-12-31
ZHONG YU MARINE,PA,Reefer Carrier,3ENT8,9287845,37127,97.77,5103.00,RCPA-2025-0510,2025-01-19,2026-01-18
ZHOU YUAN YU 202,CN,Long Liner,BZ7UM,8797386,35805,48.70,646.00,LLCN-2025-0301,2025-01-01,2025-12-31
ZHOU YUAN YU 2601,CN,Long Liner,BZUQ9,9861392,36828,41.00,455.00,LLCN-2025-0302,2025-01-01,2025-12-31
ZHOU YUAN YU 2602,CN,Long Liner,BZUR2,9861419,36829,41.00,455.00,LLCN-2025-0303,2025-01-01,2025-12-31
ZHOU YUAN YU 2605,CN,Long Liner,BZUR3,9861421,36830,41.00,455.00,LLCN-2025-0304,2025-01-01,2025-12-31
ZHOU YUAN YU 2606,CN,Long Liner,BZUR4,9861433,36831,41.00,455.00,LLCN-2025-0305,2025-01-01,2025-12-31
ZHOU YUAN YU 2607,CN,Long Liner,BZUR5,9861445,36832,41.00,455.00,LLCN-2025-0306,2025-01-01,2025-12-31
ZHOU YUAN YU 2608,CN,Long Liner,BZUR6,9861457,36833,41.00,455.00,LLCN-2025-0307,2025-01-01,2025-12-31
ZINNIA 2,PH,Bunker,DXNA,6913819,34048,49.60,491.00,BKPH-2025-0474,2025-01-01,2025-12-31